2026-06-24T19:12:37.526-04:00  INFO 15500 --- [ms-factorizacion] [main] c.e.ms_factorizacion.FacturaServiceTest  : Starting FacturaServiceTest using Java 21.0.10 with PID 15500 (started by sofia in C:\Users\sofia\Downloads\ProyectoFullstackEpico\MicroServicios-main\ms-factorizacion)
2026-06-24T19:12:37.528-04:00  INFO 15500 --- [ms-factorizacion] [main] c.e.ms_factorizacion.FacturaServiceTest  : The following 1 profile is active: "test"
2026-06-24T19:12:39.103-04:00  INFO 15500 --- [ms-factorizacion] [main] .s.d.r.c.RepositoryConfigurationDelegate : Bootstrapping Spring Data JPA repositories in DEFAULT mode.
2026-06-24T19:12:39.515-04:00  INFO 15500 --- [ms-factorizacion] [main] .s.d.r.c.RepositoryConfigurationDelegate : Finished Spring Data repository scanning in 384 ms. Found 1 JPA repository interface.
2026-06-24T19:12:40.251-04:00  INFO 15500 --- [ms-factorizacion] [main] o.s.cloud.context.scope.GenericScope     : BeanFactory id=67ac977c-debd-39d3-9663-866cb705ec0d
2026-06-24T19:12:42.320-04:00  WARN 15500 --- [ms-factorizacion] [main] trationDelegate$BeanPostProcessorChecker : Bean 'org.springframework.cloud.client.loadbalancer.LoadBalancerAutoConfiguration$DeferringLoadBalancerInterceptorConfig' of type [org.springframework.cloud.client.loadbalancer.LoadBalancerAutoConfiguration$DeferringLoadBalancerInterceptorConfig] is not eligible for getting processed by all BeanPostProcessors (for example: not eligible for auto-proxying). The currently created BeanPostProcessor [lbRestClientPostProcessor] is declared through a non-static factory method on that class; consider declaring it as static instead.
2026-06-24T19:12:42.346-04:00  WARN 15500 --- [ms-factorizacion] [main] trationDelegate$BeanPostProcessorChecker : Bean 'deferringLoadBalancerInterceptor' of type [org.springframework.cloud.client.loadbalancer.DeferringLoadBalancerInterceptor] is not eligible for getting processed by all BeanPostProcessors (for example: not eligible for auto-proxying). Is this bean getting eagerly injected into a currently created BeanPostProcessor [lbRestClientPostProcessor]? Check the corresponding BeanPostProcessor declaration and its dependencies.
2026-06-24T19:12:42.627-04:00  INFO 15500 --- [ms-factorizacion] [main] com.zaxxer.hikari.HikariDataSource       : HikariPool-1 - Starting...
2026-06-24T19:12:43.428-04:00  INFO 15500 --- [ms-factorizacion] [main] com.zaxxer.hikari.pool.HikariPool        : HikariPool-1 - Added connection com.mysql.cj.jdbc.ConnectionImpl@48860139
2026-06-24T19:12:43.435-04:00  INFO 15500 --- [ms-factorizacion] [main] com.zaxxer.hikari.HikariDataSource       : HikariPool-1 - Start completed.
2026-06-24T19:12:43.771-04:00  INFO 15500 --- [ms-factorizacion] [main] o.f.c.internal.license.VersionPrinter    : Flyway Community Edition 9.22.3 by Redgate
2026-06-24T19:12:43.772-04:00  INFO 15500 --- [ms-factorizacion] [main] o.f.c.internal.license.VersionPrinter    : See release notes here: https://rd.gt/416ObMi
2026-06-24T19:12:43.773-04:00  INFO 15500 --- [ms-factorizacion] [main] o.f.c.internal.license.VersionPrinter    : 
2026-06-24T19:12:43.861-04:00  INFO 15500 --- [ms-factorizacion] [main] org.flywaydb.core.FlywayExecutor         : Database: jdbc:mysql://localhost:3306/db_factorizacion-test (MySQL 8.0)
2026-06-24T19:12:43.975-04:00  INFO 15500 --- [ms-factorizacion] [main] o.f.c.i.s.JdbcTableSchemaHistory         : Schema history table `db_factorizacion-test`.`flyway_schema_history` does not exist yet
2026-06-24T19:12:43.983-04:00  INFO 15500 --- [ms-factorizacion] [main] o.f.core.internal.command.DbValidate     : Successfully validated 1 migration (execution time 00:00.084s)
2026-06-24T19:12:44.034-04:00  INFO 15500 --- [ms-factorizacion] [main] o.f.c.i.s.JdbcTableSchemaHistory         : Creating Schema History table `db_factorizacion-test`.`flyway_schema_history` ...
2026-06-24T19:12:44.160-04:00  INFO 15500 --- [ms-factorizacion] [main] o.f.core.internal.command.DbMigrate      : Current version of schema `db_factorizacion-test`: << Empty Schema >>
2026-06-24T19:12:44.174-04:00  INFO 15500 --- [ms-factorizacion] [main] o.f.core.internal.command.DbMigrate      : Migrating schema `db_factorizacion-test` to version "1 - factura"
2026-06-24T19:12:44.257-04:00  INFO 15500 --- [ms-factorizacion] [main] o.f.core.internal.command.DbMigrate      : Successfully applied 1 migration to schema `db_factorizacion-test`, now at version v1 (execution time 00:00.030s)
2026-06-24T19:12:44.461-04:00  INFO 15500 --- [ms-factorizacion] [main] o.hibernate.jpa.internal.util.LogHelper  : HHH000204: Processing PersistenceUnitInfo [name: default]
2026-06-24T19:12:44.681-04:00  INFO 15500 --- [ms-factorizacion] [main] org.hibernate.Version                    : HHH000412: Hibernate ORM core version 6.4.4.Final
2026-06-24T19:12:44.788-04:00  INFO 15500 --- [ms-factorizacion] [main] o.h.c.internal.RegionFactoryInitiator    : HHH000026: Second-level cache disabled
2026-06-24T19:12:45.190-04:00  INFO 15500 --- [ms-factorizacion] [main] o.s.o.j.p.SpringPersistenceUnitInfo      : No LoadTimeWeaver setup: ignoring JPA class transformer
2026-06-24T19:12:45.332-04:00  WARN 15500 --- [ms-factorizacion] [main] org.hibernate.orm.deprecation            : HHH90000025: MySQLDialect does not need to be specified explicitly using 'hibernate.dialect' (remove the property setting and it will be selected by default)
2026-06-24T19:12:46.361-04:00  INFO 15500 --- [ms-factorizacion] [main] o.h.e.t.j.p.i.JtaPlatformInitiator       : HHH000489: No JTA platform available (set 'hibernate.transaction.jta.platform' to enable JTA platform integration)
2026-06-24T19:12:46.385-04:00 DEBUG 15500 --- [ms-factorizacion] [main] org.hibernate.SQL                        : 
    drop table if exists factorizacion
2026-06-24T19:12:46.410-04:00 DEBUG 15500 --- [ms-factorizacion] [main] org.hibernate.SQL                        : 
    create table factorizacion (
        total integer not null,
        id bigint not null auto_increment,
        pago_id bigint,
        fecha_factura varchar(255),
        metodo_pago varchar(255),
        primary key (id)
    ) engine=InnoDB
2026-06-24T19:12:46.444-04:00  INFO 15500 --- [ms-factorizacion] [main] j.LocalContainerEntityManagerFactoryBean : Initialized JPA EntityManagerFactory for persistence unit 'default'
2026-06-24T19:12:46.830-04:00  WARN 15500 --- [ms-factorizacion] [main] JpaBaseConfiguration$JpaWebConfiguration : spring.jpa.open-in-view is enabled by default. Therefore, database queries may be performed during view rendering. Explicitly configure spring.jpa.open-in-view to disable this warning
2026-06-24T19:12:49.276-04:00  INFO 15500 --- [ms-factorizacion] [main] o.s.cloud.commons.util.InetUtils         : Cannot determine local hostname
2026-06-24T19:12:50.481-04:00  INFO 15500 --- [ms-factorizacion] [main] o.s.cloud.commons.util.InetUtils         : Cannot determine local hostname
2026-06-24T19:12:50.539-04:00  INFO 15500 --- [ms-factorizacion] [main] DiscoveryClientOptionalArgsConfiguration : Eureka HTTP Client uses RestTemplate.
2026-06-24T19:12:50.630-04:00  WARN 15500 --- [ms-factorizacion] [main] iguration$LoadBalancerCaffeineWarnLogger : Spring Cloud LoadBalancer is currently working with the default cache. While this cache implementation is useful for development and tests, it's recommended to use Caffeine cache in production.You can switch to using Caffeine cache, by adding it and org.springframework.cache.caffeine.CaffeineCacheManager to the classpath.
2026-06-24T19:12:50.699-04:00  INFO 15500 --- [ms-factorizacion] [main] o.s.c.n.eureka.InstanceInfoFactory       : Setting initial instance status as: STARTING
2026-06-24T19:12:50.901-04:00  INFO 15500 --- [ms-factorizacion] [main] com.netflix.discovery.DiscoveryClient    : Initializing Eureka in region us-east-1
2026-06-24T19:12:50.909-04:00  INFO 15500 --- [ms-factorizacion] [main] c.n.d.s.r.aws.ConfigClusterResolver      : Resolving eureka endpoints via configuration
2026-06-24T19:12:50.944-04:00  INFO 15500 --- [ms-factorizacion] [main] com.netflix.discovery.DiscoveryClient    : Disable delta property : false
2026-06-24T19:12:50.944-04:00  INFO 15500 --- [ms-factorizacion] [main] com.netflix.discovery.DiscoveryClient    : Single vip registry refresh property : null
2026-06-24T19:12:50.945-04:00  INFO 15500 --- [ms-factorizacion] [main] com.netflix.discovery.DiscoveryClient    : Force full registry fetch : false
2026-06-24T19:12:50.945-04:00  INFO 15500 --- [ms-factorizacion] [main] com.netflix.discovery.DiscoveryClient    : Application is null : false
2026-06-24T19:12:50.945-04:00  INFO 15500 --- [ms-factorizacion] [main] com.netflix.discovery.DiscoveryClient    : Registered Applications size is zero : true
2026-06-24T19:12:50.945-04:00  INFO 15500 --- [ms-factorizacion] [main] com.netflix.discovery.DiscoveryClient    : Application version is -1: true
2026-06-24T19:12:50.945-04:00  INFO 15500 --- [ms-factorizacion] [main] com.netflix.discovery.DiscoveryClient    : Getting all instance registry info from the eureka server
2026-06-24T19:12:51.367-04:00  INFO 15500 --- [ms-factorizacion] [main] c.n.d.s.t.d.RedirectingEurekaHttpClient  : Request execution error. endpoint=DefaultEndpoint{ serviceUrl='http://localhost:8761/eureka/}, exception=I/O error on GET request for "http://localhost:8761/eureka/apps/": Connect to http://localhost:8761 [localhost/127.0.0.1, localhost/0:0:0:0:0:0:0:1] failed: Connection refused: getsockopt stacktrace=org.springframework.web.client.ResourceAccessException: I/O error on GET request for "http://localhost:8761/eureka/apps/": Connect to http://localhost:8761 [localhost/127.0.0.1, localhost/0:0:0:0:0:0:0:1] failed: Connection refused: getsockopt
	at org.springframework.web.client.RestTemplate.createResourceAccessException(RestTemplate.java:915)
	at org.springframework.web.client.RestTemplate.doExecute(RestTemplate.java:895)
	at org.springframework.web.client.RestTemplate.execute(RestTemplate.java:790)
	at org.springframework.web.client.RestTemplate.exchange(RestTemplate.java:672)
	at org.springframework.cloud.netflix.eureka.http.RestTemplateEurekaHttpClient.getApplicationsInternal(RestTemplateEurekaHttpClient.java:145)
	at org.springframework.cloud.netflix.eureka.http.RestTemplateEurekaHttpClient.getApplications(RestTemplateEurekaHttpClient.java:135)
	at com.netflix.discovery.shared.transport.decorator.EurekaHttpClientDecorator$6.execute(EurekaHttpClientDecorator.java:137)
	at com.netflix.discovery.shared.transport.decorator.RedirectingEurekaHttpClient.executeOnNewServer(RedirectingEurekaHttpClient.java:121)
	at com.netflix.discovery.shared.transport.decorator.RedirectingEurekaHttpClient.execute(RedirectingEurekaHttpClient.java:80)
	at com.netflix.discovery.shared.transport.decorator.EurekaHttpClientDecorator.getApplications(EurekaHttpClientDecorator.java:134)
	at com.netflix.discovery.shared.transport.decorator.EurekaHttpClientDecorator$6.execute(EurekaHttpClientDecorator.java:137)
	at com.netflix.discovery.shared.transport.decorator.RetryableEurekaHttpClient.execute(RetryableEurekaHttpClient.java:120)
	at com.netflix.discovery.shared.transport.decorator.EurekaHttpClientDecorator.getApplications(EurekaHttpClientDecorator.java:134)
	at com.netflix.discovery.shared.transport.decorator.EurekaHttpClientDecorator$6.execute(EurekaHttpClientDecorator.java:137)
	at com.netflix.discovery.shared.transport.decorator.SessionedEurekaHttpClient.execute(SessionedEurekaHttpClient.java:77)
	at com.netflix.discovery.shared.transport.decorator.EurekaHttpClientDecorator.getApplications(EurekaHttpClientDecorator.java:134)
	at com.netflix.discovery.DiscoveryClient.getAndStoreFullRegistry(DiscoveryClient.java:1045)
	at com.netflix.discovery.DiscoveryClient.fetchRegistry(DiscoveryClient.java:958)
	at com.netflix.discovery.DiscoveryClient.<init>(DiscoveryClient.java:396)
	at com.netflix.discovery.DiscoveryClient.<init>(DiscoveryClient.java:247)
	at com.netflix.discovery.DiscoveryClient.<init>(DiscoveryClient.java:242)
	at org.springframework.cloud.netflix.eureka.CloudEurekaClient.<init>(CloudEurekaClient.java:68)
	at org.springframework.cloud.netflix.eureka.EurekaClientAutoConfiguration$RefreshableEurekaClientConfiguration.eurekaClient(EurekaClientAutoConfiguration.java:321)
	at java.base/jdk.internal.reflect.DirectMethodHandleAccessor.invoke(Unknown Source)
	at java.base/java.lang.reflect.Method.invoke(Unknown Source)
	at org.springframework.beans.factory.support.SimpleInstantiationStrategy.instantiate(SimpleInstantiationStrategy.java:140)
	at org.springframework.beans.factory.support.ConstructorResolver.instantiate(ConstructorResolver.java:644)
	at org.springframework.beans.factory.support.ConstructorResolver.instantiateUsingFactoryMethod(ConstructorResolver.java:636)
	at org.springframework.beans.factory.support.AbstractAutowireCapableBeanFactory.instantiateUsingFactoryMethod(AbstractAutowireCapableBeanFactory.java:1335)
	at org.springframework.beans.factory.support.AbstractAutowireCapableBeanFactory.createBeanInstance(AbstractAutowireCapableBeanFactory.java:1165)
	at org.springframework.beans.factory.support.AbstractAutowireCapableBeanFactory.doCreateBean(AbstractAutowireCapableBeanFactory.java:562)
	at org.springframework.beans.factory.support.AbstractAutowireCapableBeanFactory.createBean(AbstractAutowireCapableBeanFactory.java:522)
	at org.springframework.beans.factory.support.AbstractBeanFactory.lambda$doGetBean$1(AbstractBeanFactory.java:365)
	at org.springframework.cloud.context.scope.GenericScope$BeanLifecycleWrapper.getBean(GenericScope.java:375)
	at org.springframework.cloud.context.scope.GenericScope.get(GenericScope.java:179)
	at org.springframework.beans.factory.support.AbstractBeanFactory.doGetBean(AbstractBeanFactory.java:362)
	at org.springframework.beans.factory.support.AbstractBeanFactory.getBean(AbstractBeanFactory.java:200)
	at org.springframework.aop.target.SimpleBeanTargetSource.getTarget(SimpleBeanTargetSource.java:35)
	at org.springframework.cloud.netflix.eureka.serviceregistry.EurekaRegistration.getTargetObject(EurekaRegistration.java:128)
	at org.springframework.cloud.netflix.eureka.serviceregistry.EurekaRegistration.getEurekaClient(EurekaRegistration.java:116)
	at java.base/jdk.internal.reflect.DirectMethodHandleAccessor.invoke(Unknown Source)
	at java.base/java.lang.reflect.Method.invoke(Unknown Source)
	at org.springframework.util.ReflectionUtils.invokeMethod(ReflectionUtils.java:281)
	at org.springframework.cloud.context.scope.GenericScope$LockedScopedProxyFactoryBean.invoke(GenericScope.java:482)
	at org.springframework.aop.framework.ReflectiveMethodInvocation.proceed(ReflectiveMethodInvocation.java:184)
	at org.springframework.aop.framework.CglibAopProxy$CglibMethodInvocation.proceed(CglibAopProxy.java:768)
	at org.springframework.aop.framework.CglibAopProxy$DynamicAdvisedInterceptor.intercept(CglibAopProxy.java:720)
	at org.springframework.cloud.netflix.eureka.serviceregistry.EurekaRegistration$$SpringCGLIB$$0.getEurekaClient(<generated>)
	at org.springframework.cloud.netflix.eureka.serviceregistry.EurekaServiceRegistry.maybeInitializeClient(EurekaServiceRegistry.java:83)
	at org.springframework.cloud.netflix.eureka.serviceregistry.EurekaServiceRegistry.register(EurekaServiceRegistry.java:66)
	at org.springframework.cloud.netflix.eureka.serviceregistry.EurekaAutoServiceRegistration.start(EurekaAutoServiceRegistration.java:89)
	at org.springframework.context.support.DefaultLifecycleProcessor.doStart(DefaultLifecycleProcessor.java:288)
	at org.springframework.context.support.DefaultLifecycleProcessor$LifecycleGroup.start(DefaultLifecycleProcessor.java:471)
	at java.base/java.lang.Iterable.forEach(Unknown Source)
	at org.springframework.context.support.DefaultLifecycleProcessor.startBeans(DefaultLifecycleProcessor.java:260)
	at org.springframework.context.support.DefaultLifecycleProcessor.onRefresh(DefaultLifecycleProcessor.java:205)
	at org.springframework.context.support.AbstractApplicationContext.finishRefresh(AbstractApplicationContext.java:981)
	at org.springframework.context.support.AbstractApplicationContext.refresh(AbstractApplicationContext.java:627)
	at org.springframework.boot.SpringApplication.refresh(SpringApplication.java:754)
	at org.springframework.boot.SpringApplication.refreshContext(SpringApplication.java:456)
	at org.springframework.boot.SpringApplication.run(SpringApplication.java:334)
	at org.springframework.boot.test.context.SpringBootContextLoader.lambda$loadContext$3(SpringBootContextLoader.java:137)
	at org.springframework.util.function.ThrowingSupplier.get(ThrowingSupplier.java:58)
	at org.springframework.util.function.ThrowingSupplier.get(ThrowingSupplier.java:46)
	at org.springframework.boot.SpringApplication.withHook(SpringApplication.java:1454)
	at org.springframework.boot.test.context.SpringBootContextLoader$ContextLoaderHook.run(SpringBootContextLoader.java:553)
	at org.springframework.boot.test.context.SpringBootContextLoader.loadContext(SpringBootContextLoader.java:137)
	at org.springframework.boot.test.context.SpringBootContextLoader.loadContext(SpringBootContextLoader.java:108)
	at org.springframework.test.context.cache.DefaultCacheAwareContextLoaderDelegate.loadContextInternal(DefaultCacheAwareContextLoaderDelegate.java:225)
	at org.springframework.test.context.cache.DefaultCacheAwareContextLoaderDelegate.loadContext(DefaultCacheAwareContextLoaderDelegate.java:152)
	at org.springframework.test.context.support.DefaultTestContext.getApplicationContext(DefaultTestContext.java:130)
	at org.springframework.test.context.web.ServletTestExecutionListener.setUpRequestContextIfNecessary(ServletTestExecutionListener.java:191)
	at org.springframework.test.context.web.ServletTestExecutionListener.prepareTestInstance(ServletTestExecutionListener.java:130)
	at org.springframework.test.context.TestContextManager.prepareTestInstance(TestContextManager.java:260)
	at org.springframework.test.context.junit.jupiter.SpringExtension.postProcessTestInstance(SpringExtension.java:163)
	at org.junit.jupiter.engine.descriptor.ClassBasedTestDescriptor.lambda$invokeTestInstancePostProcessors$10(ClassBasedTestDescriptor.java:378)
	at org.junit.jupiter.engine.descriptor.ClassBasedTestDescriptor.executeAndMaskThrowable(ClassBasedTestDescriptor.java:383)
	at org.junit.jupiter.engine.descriptor.ClassBasedTestDescriptor.lambda$invokeTestInstancePostProcessors$11(ClassBasedTestDescriptor.java:378)
	at java.base/java.util.stream.ReferencePipeline$3$1.accept(Unknown Source)
	at java.base/java.util.stream.ReferencePipeline$2$1.accept(Unknown Source)
	at java.base/java.util.ArrayList$ArrayListSpliterator.forEachRemaining(Unknown Source)
	at java.base/java.util.stream.AbstractPipeline.copyInto(Unknown Source)
	at java.base/java.util.stream.AbstractPipeline.wrapAndCopyInto(Unknown Source)
	at java.base/java.util.stream.StreamSpliterators$WrappingSpliterator.forEachRemaining(Unknown Source)
	at java.base/java.util.stream.Streams$ConcatSpliterator.forEachRemaining(Unknown Source)
	at java.base/java.util.stream.Streams$ConcatSpliterator.forEachRemaining(Unknown Source)
	at java.base/java.util.stream.ReferencePipeline$Head.forEach(Unknown Source)
	at org.junit.jupiter.engine.descriptor.ClassBasedTestDescriptor.invokeTestInstancePostProcessors(ClassBasedTestDescriptor.java:377)
	at org.junit.jupiter.engine.descriptor.ClassBasedTestDescriptor.lambda$instantiateAndPostProcessTestInstance$6(ClassBasedTestDescriptor.java:290)
	at org.junit.platform.engine.support.hierarchical.ThrowableCollector.execute(ThrowableCollector.java:73)
	at org.junit.jupiter.engine.descriptor.ClassBasedTestDescriptor.instantiateAndPostProcessTestInstance(ClassBasedTestDescriptor.java:289)
	at org.junit.jupiter.engine.descriptor.ClassBasedTestDescriptor.lambda$testInstancesProvider$4(ClassBasedTestDescriptor.java:279)
	at java.base/java.util.Optional.orElseGet(Unknown Source)
	at org.junit.jupiter.engine.descriptor.ClassBasedTestDescriptor.lambda$testInstancesProvider$5(ClassBasedTestDescriptor.java:278)
	at org.junit.jupiter.engine.execution.TestInstancesProvider.getTestInstances(TestInstancesProvider.java:31)
	at org.junit.jupiter.engine.descriptor.TestMethodTestDescriptor.lambda$prepare$0(TestMethodTestDescriptor.java:106)
	at org.junit.platform.engine.support.hierarchical.ThrowableCollector.execute(ThrowableCollector.java:73)
	at org.junit.jupiter.engine.descriptor.TestMethodTestDescriptor.prepare(TestMethodTestDescriptor.java:105)
	at org.junit.jupiter.engine.descriptor.TestMethodTestDescriptor.prepare(TestMethodTestDescriptor.java:69)
	at org.junit.platform.engine.support.hierarchical.NodeTestTask.lambda$prepare$2(NodeTestTask.java:123)
	at org.junit.platform.engine.support.hierarchical.ThrowableCollector.execute(ThrowableCollector.java:73)
	at org.junit.platform.engine.support.hierarchical.NodeTestTask.prepare(NodeTestTask.java:123)
	at org.junit.platform.engine.support.hierarchical.NodeTestTask.execute(NodeTestTask.java:90)
	at java.base/java.util.ArrayList.forEach(Unknown Source)
	at org.junit.platform.engine.support.hierarchical.SameThreadHierarchicalTestExecutorService.invokeAll(SameThreadHierarchicalTestExecutorService.java:41)
	at org.junit.platform.engine.support.hierarchical.NodeTestTask.lambda$executeRecursively$6(NodeTestTask.java:155)
	at org.junit.platform.engine.support.hierarchical.ThrowableCollector.execute(ThrowableCollector.java:73)
	at org.junit.platform.engine.support.hierarchical.NodeTestTask.lambda$executeRecursively$8(NodeTestTask.java:141)
	at org.junit.platform.engine.support.hierarchical.Node.around(Node.java:137)
	at org.junit.platform.engine.support.hierarchical.NodeTestTask.lambda$executeRecursively$9(NodeTestTask.java:139)
	at org.junit.platform.engine.support.hierarchical.ThrowableCollector.execute(ThrowableCollector.java:73)
	at org.junit.platform.engine.support.hierarchical.NodeTestTask.executeRecursively(NodeTestTask.java:138)
	at org.junit.platform.engine.support.hierarchical.NodeTestTask.execute(NodeTestTask.java:95)
	at java.base/java.util.ArrayList.forEach(Unknown Source)
	at org.junit.platform.engine.support.hierarchical.SameThreadHierarchicalTestExecutorService.invokeAll(SameThreadHierarchicalTestExecutorService.java:41)
	at org.junit.platform.engine.support.hierarchical.NodeTestTask.lambda$executeRecursively$6(NodeTestTask.java:155)
	at org.junit.platform.engine.support.hierarchical.ThrowableCollector.execute(ThrowableCollector.java:73)
	at org.junit.platform.engine.support.hierarchical.NodeTestTask.lambda$executeRecursively$8(NodeTestTask.java:141)
	at org.junit.platform.engine.support.hierarchical.Node.around(Node.java:137)
	at org.junit.platform.engine.support.hierarchical.NodeTestTask.lambda$executeRecursively$9(NodeTestTask.java:139)
	at org.junit.platform.engine.support.hierarchical.ThrowableCollector.execute(ThrowableCollector.java:73)
	at org.junit.platform.engine.support.hierarchical.NodeTestTask.executeRecursively(NodeTestTask.java:138)
	at org.junit.platform.engine.support.hierarchical.NodeTestTask.execute(NodeTestTask.java:95)
	at org.junit.platform.engine.support.hierarchical.SameThreadHierarchicalTestExecutorService.submit(SameThreadHierarchicalTestExecutorService.java:35)
	at org.junit.platform.engine.support.hierarchical.HierarchicalTestExecutor.execute(HierarchicalTestExecutor.java:57)
	at org.junit.platform.engine.support.hierarchical.HierarchicalTestEngine.execute(HierarchicalTestEngine.java:54)
	at org.junit.platform.launcher.core.EngineExecutionOrchestrator.execute(EngineExecutionOrchestrator.java:198)
	at org.junit.platform.launcher.core.EngineExecutionOrchestrator.execute(EngineExecutionOrchestrator.java:169)
	at org.junit.platform.launcher.core.EngineExecutionOrchestrator.execute(EngineExecutionOrchestrator.java:93)
	at org.junit.platform.launcher.core.EngineExecutionOrchestrator.lambda$execute$0(EngineExecutionOrchestrator.java:58)
	at org.junit.platform.launcher.core.EngineExecutionOrchestrator.withInterceptedStreams(EngineExecutionOrchestrator.java:141)
	at org.junit.platform.launcher.core.EngineExecutionOrchestrator.execute(EngineExecutionOrchestrator.java:57)
	at org.junit.platform.launcher.core.DefaultLauncher.execute(DefaultLauncher.java:103)
	at org.junit.platform.launcher.core.DefaultLauncher.execute(DefaultLauncher.java:94)
	at org.junit.platform.launcher.core.DelegatingLauncher.execute(DelegatingLauncher.java:52)
	at org.junit.platform.launcher.core.SessionPerRequestLauncher.execute(SessionPerRequestLauncher.java:70)
	at org.eclipse.jdt.internal.junit5.runner.JUnit5TestReference.run(JUnit5TestReference.java:100)
	at org.eclipse.jdt.internal.junit.runner.TestExecution.run(TestExecution.java:40)
	at org.eclipse.jdt.internal.junit.runner.RemoteTestRunner.runTests(RemoteTestRunner.java:520)
	at org.eclipse.jdt.internal.junit.runner.RemoteTestRunner.runTests(RemoteTestRunner.java:748)
	at org.eclipse.jdt.internal.junit.runner.RemoteTestRunner.run(RemoteTestRunner.java:443)
	at org.eclipse.jdt.internal.junit.runner.RemoteTestRunner.main(RemoteTestRunner.java:211)
Caused by: org.apache.hc.client5.http.HttpHostConnectException: Connect to http://localhost:8761 [localhost/127.0.0.1, localhost/0:0:0:0:0:0:0:1] failed: Connection refused: getsockopt
	at java.base/sun.nio.ch.Net.pollConnect(Native Method)
	at java.base/sun.nio.ch.Net.pollConnectNow(Unknown Source)
	at java.base/sun.nio.ch.NioSocketImpl.timedFinishConnect(Unknown Source)
	at java.base/sun.nio.ch.NioSocketImpl.connect(Unknown Source)
	at java.base/java.net.SocksSocketImpl.connect(Unknown Source)
	at java.base/java.net.Socket.connect(Unknown Source)
	at org.apache.hc.client5.http.socket.PlainConnectionSocketFactory.lambda$connectSocket$0(PlainConnectionSocketFactory.java:91)
	at java.base/java.security.AccessController.doPrivileged(Unknown Source)
	at org.apache.hc.client5.http.socket.PlainConnectionSocketFactory.connectSocket(PlainConnectionSocketFactory.java:90)
	at org.apache.hc.client5.http.socket.ConnectionSocketFactory.connectSocket(ConnectionSocketFactory.java:123)
	at org.apache.hc.client5.http.impl.io.DefaultHttpClientConnectionOperator.connect(DefaultHttpClientConnectionOperator.java:184)
	at org.apache.hc.client5.http.impl.io.PoolingHttpClientConnectionManager.connect(PoolingHttpClientConnectionManager.java:447)
	at org.apache.hc.client5.http.impl.classic.InternalExecRuntime.connectEndpoint(InternalExecRuntime.java:162)
	at org.apache.hc.client5.http.impl.classic.InternalExecRuntime.connectEndpoint(InternalExecRuntime.java:172)
	at org.apache.hc.client5.http.impl.classic.ConnectExec.execute(ConnectExec.java:142)
	at org.apache.hc.client5.http.impl.classic.ExecChainElement.execute(ExecChainElement.java:51)
	at org.apache.hc.client5.http.impl.classic.ProtocolExec.execute(ProtocolExec.java:192)
	at org.apache.hc.client5.http.impl.classic.ExecChainElement.execute(ExecChainElement.java:51)
	at org.apache.hc.client5.http.impl.classic.HttpRequestRetryExec.execute(HttpRequestRetryExec.java:96)
	at org.apache.hc.client5.http.impl.classic.ExecChainElement.execute(ExecChainElement.java:51)
	at org.apache.hc.client5.http.impl.classic.ContentCompressionExec.execute(ContentCompressionExec.java:152)
	at org.apache.hc.client5.http.impl.classic.ExecChainElement.execute(ExecChainElement.java:51)
	at org.apache.hc.client5.http.impl.classic.RedirectExec.execute(RedirectExec.java:115)
	at org.apache.hc.client5.http.impl.classic.ExecChainElement.execute(ExecChainElement.java:51)
	at org.apache.hc.client5.http.impl.classic.InternalHttpClient.doExecute(InternalHttpClient.java:170)
	at org.apache.hc.client5.http.impl.classic.CloseableHttpClient.execute(CloseableHttpClient.java:87)
	at org.apache.hc.client5.http.impl.classic.CloseableHttpClient.execute(CloseableHttpClient.java:55)
	at org.apache.hc.client5.http.classic.HttpClient.executeOpen(HttpClient.java:183)
	at org.springframework.http.client.HttpComponentsClientHttpRequest.executeInternal(HttpComponentsClientHttpRequest.java:95)
	at org.springframework.http.client.AbstractStreamingClientHttpRequest.executeInternal(AbstractStreamingClientHttpRequest.java:70)
	at org.springframework.http.client.AbstractClientHttpRequest.execute(AbstractClientHttpRequest.java:66)
	at org.springframework.http.client.InterceptingClientHttpRequest$InterceptingRequestExecution.execute(InterceptingClientHttpRequest.java:112)
	at org.springframework.cloud.netflix.eureka.http.RestTemplateTransportClientFactory.lambda$restTemplate$0(RestTemplateTransportClientFactory.java:143)
	at org.springframework.http.client.InterceptingClientHttpRequest$InterceptingRequestExecution.execute(InterceptingClientHttpRequest.java:88)
	at org.springframework.http.client.InterceptingClientHttpRequest.executeInternal(InterceptingClientHttpRequest.java:72)
	at org.springframework.http.client.AbstractBufferingClientHttpRequest.executeInternal(AbstractBufferingClientHttpRequest.java:48)
	at org.springframework.http.client.AbstractClientHttpRequest.execute(AbstractClientHttpRequest.java:66)
	at org.springframework.web.client.RestTemplate.doExecute(RestTemplate.java:889)
	... 140 more

2026-06-24T19:12:51.368-04:00  WARN 15500 --- [ms-factorizacion] [main] c.n.d.s.t.d.RetryableEurekaHttpClient    : Request execution failed with message: I/O error on GET request for "http://localhost:8761/eureka/apps/": Connect to http://localhost:8761 [localhost/127.0.0.1, localhost/0:0:0:0:0:0:0:1] failed: Connection refused: getsockopt
2026-06-24T19:12:51.370-04:00  INFO 15500 --- [ms-factorizacion] [main] com.netflix.discovery.DiscoveryClient    : DiscoveryClient_MS-FACTORIZACION/localhost:ms-factorizacion:8085 - was unable to refresh its cache! This periodic background refresh will be retried in 30 seconds. status = Cannot execute request on any known server stacktrace = com.netflix.discovery.shared.transport.TransportException: Cannot execute request on any known server
	at com.netflix.discovery.shared.transport.decorator.RetryableEurekaHttpClient.execute(RetryableEurekaHttpClient.java:112)
	at com.netflix.discovery.shared.transport.decorator.EurekaHttpClientDecorator.getApplications(EurekaHttpClientDecorator.java:134)
	at com.netflix.discovery.shared.transport.decorator.EurekaHttpClientDecorator$6.execute(EurekaHttpClientDecorator.java:137)
	at com.netflix.discovery.shared.transport.decorator.SessionedEurekaHttpClient.execute(SessionedEurekaHttpClient.java:77)
	at com.netflix.discovery.shared.transport.decorator.EurekaHttpClientDecorator.getApplications(EurekaHttpClientDecorator.java:134)
	at com.netflix.discovery.DiscoveryClient.getAndStoreFullRegistry(DiscoveryClient.java:1045)
	at com.netflix.discovery.DiscoveryClient.fetchRegistry(DiscoveryClient.java:958)
	at com.netflix.discovery.DiscoveryClient.<init>(DiscoveryClient.java:396)
	at com.netflix.discovery.DiscoveryClient.<init>(DiscoveryClient.java:247)
	at com.netflix.discovery.DiscoveryClient.<init>(DiscoveryClient.java:242)
	at org.springframework.cloud.netflix.eureka.CloudEurekaClient.<init>(CloudEurekaClient.java:68)
	at org.springframework.cloud.netflix.eureka.EurekaClientAutoConfiguration$RefreshableEurekaClientConfiguration.eurekaClient(EurekaClientAutoConfiguration.java:321)
	at java.base/jdk.internal.reflect.DirectMethodHandleAccessor.invoke(Unknown Source)
	at java.base/java.lang.reflect.Method.invoke(Unknown Source)
	at org.springframework.beans.factory.support.SimpleInstantiationStrategy.instantiate(SimpleInstantiationStrategy.java:140)
	at org.springframework.beans.factory.support.ConstructorResolver.instantiate(ConstructorResolver.java:644)
	at org.springframework.beans.factory.support.ConstructorResolver.instantiateUsingFactoryMethod(ConstructorResolver.java:636)
	at org.springframework.beans.factory.support.AbstractAutowireCapableBeanFactory.instantiateUsingFactoryMethod(AbstractAutowireCapableBeanFactory.java:1335)
	at org.springframework.beans.factory.support.AbstractAutowireCapableBeanFactory.createBeanInstance(AbstractAutowireCapableBeanFactory.java:1165)
	at org.springframework.beans.factory.support.AbstractAutowireCapableBeanFactory.doCreateBean(AbstractAutowireCapableBeanFactory.java:562)
	at org.springframework.beans.factory.support.AbstractAutowireCapableBeanFactory.createBean(AbstractAutowireCapableBeanFactory.java:522)
	at org.springframework.beans.factory.support.AbstractBeanFactory.lambda$doGetBean$1(AbstractBeanFactory.java:365)
	at org.springframework.cloud.context.scope.GenericScope$BeanLifecycleWrapper.getBean(GenericScope.java:375)
	at org.springframework.cloud.context.scope.GenericScope.get(GenericScope.java:179)
	at org.springframework.beans.factory.support.AbstractBeanFactory.doGetBean(AbstractBeanFactory.java:362)
	at org.springframework.beans.factory.support.AbstractBeanFactory.getBean(AbstractBeanFactory.java:200)
	at org.springframework.aop.target.SimpleBeanTargetSource.getTarget(SimpleBeanTargetSource.java:35)
	at org.springframework.cloud.netflix.eureka.serviceregistry.EurekaRegistration.getTargetObject(EurekaRegistration.java:128)
	at org.springframework.cloud.netflix.eureka.serviceregistry.EurekaRegistration.getEurekaClient(EurekaRegistration.java:116)
	at java.base/jdk.internal.reflect.DirectMethodHandleAccessor.invoke(Unknown Source)
	at java.base/java.lang.reflect.Method.invoke(Unknown Source)
	at org.springframework.util.ReflectionUtils.invokeMethod(ReflectionUtils.java:281)
	at org.springframework.cloud.context.scope.GenericScope$LockedScopedProxyFactoryBean.invoke(GenericScope.java:482)
	at org.springframework.aop.framework.ReflectiveMethodInvocation.proceed(ReflectiveMethodInvocation.java:184)
	at org.springframework.aop.framework.CglibAopProxy$CglibMethodInvocation.proceed(CglibAopProxy.java:768)
	at org.springframework.aop.framework.CglibAopProxy$DynamicAdvisedInterceptor.intercept(CglibAopProxy.java:720)
	at org.springframework.cloud.netflix.eureka.serviceregistry.EurekaRegistration$$SpringCGLIB$$0.getEurekaClient(<generated>)
	at org.springframework.cloud.netflix.eureka.serviceregistry.EurekaServiceRegistry.maybeInitializeClient(EurekaServiceRegistry.java:83)
	at org.springframework.cloud.netflix.eureka.serviceregistry.EurekaServiceRegistry.register(EurekaServiceRegistry.java:66)
	at org.springframework.cloud.netflix.eureka.serviceregistry.EurekaAutoServiceRegistration.start(EurekaAutoServiceRegistration.java:89)
	at org.springframework.context.support.DefaultLifecycleProcessor.doStart(DefaultLifecycleProcessor.java:288)
	at org.springframework.context.support.DefaultLifecycleProcessor$LifecycleGroup.start(DefaultLifecycleProcessor.java:471)
	at java.base/java.lang.Iterable.forEach(Unknown Source)
	at org.springframework.context.support.DefaultLifecycleProcessor.startBeans(DefaultLifecycleProcessor.java:260)
	at org.springframework.context.support.DefaultLifecycleProcessor.onRefresh(DefaultLifecycleProcessor.java:205)
	at org.springframework.context.support.AbstractApplicationContext.finishRefresh(AbstractApplicationContext.java:981)
	at org.springframework.context.support.AbstractApplicationContext.refresh(AbstractApplicationContext.java:627)
	at org.springframework.boot.SpringApplication.refresh(SpringApplication.java:754)
	at org.springframework.boot.SpringApplication.refreshContext(SpringApplication.java:456)
	at org.springframework.boot.SpringApplication.run(SpringApplication.java:334)
	at org.springframework.boot.test.context.SpringBootContextLoader.lambda$loadContext$3(SpringBootContextLoader.java:137)
	at org.springframework.util.function.ThrowingSupplier.get(ThrowingSupplier.java:58)
	at org.springframework.util.function.ThrowingSupplier.get(ThrowingSupplier.java:46)
	at org.springframework.boot.SpringApplication.withHook(SpringApplication.java:1454)
	at org.springframework.boot.test.context.SpringBootContextLoader$ContextLoaderHook.run(SpringBootContextLoader.java:553)
	at org.springframework.boot.test.context.SpringBootContextLoader.loadContext(SpringBootContextLoader.java:137)
	at org.springframework.boot.test.context.SpringBootContextLoader.loadContext(SpringBootContextLoader.java:108)
	at org.springframework.test.context.cache.DefaultCacheAwareContextLoaderDelegate.loadContextInternal(DefaultCacheAwareContextLoaderDelegate.java:225)
	at org.springframework.test.context.cache.DefaultCacheAwareContextLoaderDelegate.loadContext(DefaultCacheAwareContextLoaderDelegate.java:152)
	at org.springframework.test.context.support.DefaultTestContext.getApplicationContext(DefaultTestContext.java:130)
	at org.springframework.test.context.web.ServletTestExecutionListener.setUpRequestContextIfNecessary(ServletTestExecutionListener.java:191)
	at org.springframework.test.context.web.ServletTestExecutionListener.prepareTestInstance(ServletTestExecutionListener.java:130)
	at org.springframework.test.context.TestContextManager.prepareTestInstance(TestContextManager.java:260)
	at org.springframework.test.context.junit.jupiter.SpringExtension.postProcessTestInstance(SpringExtension.java:163)
	at org.junit.jupiter.engine.descriptor.ClassBasedTestDescriptor.lambda$invokeTestInstancePostProcessors$10(ClassBasedTestDescriptor.java:378)
	at org.junit.jupiter.engine.descriptor.ClassBasedTestDescriptor.executeAndMaskThrowable(ClassBasedTestDescriptor.java:383)
	at org.junit.jupiter.engine.descriptor.ClassBasedTestDescriptor.lambda$invokeTestInstancePostProcessors$11(ClassBasedTestDescriptor.java:378)
	at java.base/java.util.stream.ReferencePipeline$3$1.accept(Unknown Source)
	at java.base/java.util.stream.ReferencePipeline$2$1.accept(Unknown Source)
	at java.base/java.util.ArrayList$ArrayListSpliterator.forEachRemaining(Unknown Source)
	at java.base/java.util.stream.AbstractPipeline.copyInto(Unknown Source)
	at java.base/java.util.stream.AbstractPipeline.wrapAndCopyInto(Unknown Source)
	at java.base/java.util.stream.StreamSpliterators$WrappingSpliterator.forEachRemaining(Unknown Source)
	at java.base/java.util.stream.Streams$ConcatSpliterator.forEachRemaining(Unknown Source)
	at java.base/java.util.stream.Streams$ConcatSpliterator.forEachRemaining(Unknown Source)
	at java.base/java.util.stream.ReferencePipeline$Head.forEach(Unknown Source)
	at org.junit.jupiter.engine.descriptor.ClassBasedTestDescriptor.invokeTestInstancePostProcessors(ClassBasedTestDescriptor.java:377)
	at org.junit.jupiter.engine.descriptor.ClassBasedTestDescriptor.lambda$instantiateAndPostProcessTestInstance$6(ClassBasedTestDescriptor.java:290)
	at org.junit.platform.engine.support.hierarchical.ThrowableCollector.execute(ThrowableCollector.java:73)
	at org.junit.jupiter.engine.descriptor.ClassBasedTestDescriptor.instantiateAndPostProcessTestInstance(ClassBasedTestDescriptor.java:289)
	at org.junit.jupiter.engine.descriptor.ClassBasedTestDescriptor.lambda$testInstancesProvider$4(ClassBasedTestDescriptor.java:279)
	at java.base/java.util.Optional.orElseGet(Unknown Source)
	at org.junit.jupiter.engine.descriptor.ClassBasedTestDescriptor.lambda$testInstancesProvider$5(ClassBasedTestDescriptor.java:278)
	at org.junit.jupiter.engine.execution.TestInstancesProvider.getTestInstances(TestInstancesProvider.java:31)
	at org.junit.jupiter.engine.descriptor.TestMethodTestDescriptor.lambda$prepare$0(TestMethodTestDescriptor.java:106)
	at org.junit.platform.engine.support.hierarchical.ThrowableCollector.execute(ThrowableCollector.java:73)
	at org.junit.jupiter.engine.descriptor.TestMethodTestDescriptor.prepare(TestMethodTestDescriptor.java:105)
	at org.junit.jupiter.engine.descriptor.TestMethodTestDescriptor.prepare(TestMethodTestDescriptor.java:69)
	at org.junit.platform.engine.support.hierarchical.NodeTestTask.lambda$prepare$2(NodeTestTask.java:123)
	at org.junit.platform.engine.support.hierarchical.ThrowableCollector.execute(ThrowableCollector.java:73)
	at org.junit.platform.engine.support.hierarchical.NodeTestTask.prepare(NodeTestTask.java:123)
	at org.junit.platform.engine.support.hierarchical.NodeTestTask.execute(NodeTestTask.java:90)
	at java.base/java.util.ArrayList.forEach(Unknown Source)
	at org.junit.platform.engine.support.hierarchical.SameThreadHierarchicalTestExecutorService.invokeAll(SameThreadHierarchicalTestExecutorService.java:41)
	at org.junit.platform.engine.support.hierarchical.NodeTestTask.lambda$executeRecursively$6(NodeTestTask.java:155)
	at org.junit.platform.engine.support.hierarchical.ThrowableCollector.execute(ThrowableCollector.java:73)
	at org.junit.platform.engine.support.hierarchical.NodeTestTask.lambda$executeRecursively$8(NodeTestTask.java:141)
	at org.junit.platform.engine.support.hierarchical.Node.around(Node.java:137)
	at org.junit.platform.engine.support.hierarchical.NodeTestTask.lambda$executeRecursively$9(NodeTestTask.java:139)
	at org.junit.platform.engine.support.hierarchical.ThrowableCollector.execute(ThrowableCollector.java:73)
	at org.junit.platform.engine.support.hierarchical.NodeTestTask.executeRecursively(NodeTestTask.java:138)
	at org.junit.platform.engine.support.hierarchical.NodeTestTask.execute(NodeTestTask.java:95)
	at java.base/java.util.ArrayList.forEach(Unknown Source)
	at org.junit.platform.engine.support.hierarchical.SameThreadHierarchicalTestExecutorService.invokeAll(SameThreadHierarchicalTestExecutorService.java:41)
	at org.junit.platform.engine.support.hierarchical.NodeTestTask.lambda$executeRecursively$6(NodeTestTask.java:155)
	at org.junit.platform.engine.support.hierarchical.ThrowableCollector.execute(ThrowableCollector.java:73)
	at org.junit.platform.engine.support.hierarchical.NodeTestTask.lambda$executeRecursively$8(NodeTestTask.java:141)
	at org.junit.platform.engine.support.hierarchical.Node.around(Node.java:137)
	at org.junit.platform.engine.support.hierarchical.NodeTestTask.lambda$executeRecursively$9(NodeTestTask.java:139)
	at org.junit.platform.engine.support.hierarchical.ThrowableCollector.execute(ThrowableCollector.java:73)
	at org.junit.platform.engine.support.hierarchical.NodeTestTask.executeRecursively(NodeTestTask.java:138)
	at org.junit.platform.engine.support.hierarchical.NodeTestTask.execute(NodeTestTask.java:95)
	at org.junit.platform.engine.support.hierarchical.SameThreadHierarchicalTestExecutorService.submit(SameThreadHierarchicalTestExecutorService.java:35)
	at org.junit.platform.engine.support.hierarchical.HierarchicalTestExecutor.execute(HierarchicalTestExecutor.java:57)
	at org.junit.platform.engine.support.hierarchical.HierarchicalTestEngine.execute(HierarchicalTestEngine.java:54)
	at org.junit.platform.launcher.core.EngineExecutionOrchestrator.execute(EngineExecutionOrchestrator.java:198)
	at org.junit.platform.launcher.core.EngineExecutionOrchestrator.execute(EngineExecutionOrchestrator.java:169)
	at org.junit.platform.launcher.core.EngineExecutionOrchestrator.execute(EngineExecutionOrchestrator.java:93)
	at org.junit.platform.launcher.core.EngineExecutionOrchestrator.lambda$execute$0(EngineExecutionOrchestrator.java:58)
	at org.junit.platform.launcher.core.EngineExecutionOrchestrator.withInterceptedStreams(EngineExecutionOrchestrator.java:141)
	at org.junit.platform.launcher.core.EngineExecutionOrchestrator.execute(EngineExecutionOrchestrator.java:57)
	at org.junit.platform.launcher.core.DefaultLauncher.execute(DefaultLauncher.java:103)
	at org.junit.platform.launcher.core.DefaultLauncher.execute(DefaultLauncher.java:94)
	at org.junit.platform.launcher.core.DelegatingLauncher.execute(DelegatingLauncher.java:52)
	at org.junit.platform.launcher.core.SessionPerRequestLauncher.execute(SessionPerRequestLauncher.java:70)
	at org.eclipse.jdt.internal.junit5.runner.JUnit5TestReference.run(JUnit5TestReference.java:100)
	at org.eclipse.jdt.internal.junit.runner.TestExecution.run(TestExecution.java:40)
	at org.eclipse.jdt.internal.junit.runner.RemoteTestRunner.runTests(RemoteTestRunner.java:520)
	at org.eclipse.jdt.internal.junit.runner.RemoteTestRunner.runTests(RemoteTestRunner.java:748)
	at org.eclipse.jdt.internal.junit.runner.RemoteTestRunner.run(RemoteTestRunner.java:443)
	at org.eclipse.jdt.internal.junit.runner.RemoteTestRunner.main(RemoteTestRunner.java:211)

2026-06-24T19:12:51.370-04:00  INFO 15500 --- [ms-factorizacion] [main] com.netflix.discovery.DiscoveryClient    : Initial registry fetch from primary servers failed
2026-06-24T19:12:51.371-04:00  WARN 15500 --- [ms-factorizacion] [main] com.netflix.discovery.DiscoveryClient    : Using default backup registry implementation which does not do anything.
2026-06-24T19:12:51.371-04:00  INFO 15500 --- [ms-factorizacion] [main] com.netflix.discovery.DiscoveryClient    : Initial registry fetch from backup servers failed
2026-06-24T19:12:51.374-04:00  INFO 15500 --- [ms-factorizacion] [main] com.netflix.discovery.DiscoveryClient    : Starting heartbeat executor: renew interval is: 30
2026-06-24T19:12:51.378-04:00  INFO 15500 --- [ms-factorizacion] [main] c.n.discovery.InstanceInfoReplicator     : InstanceInfoReplicator onDemand update allowed rate per min is 4
2026-06-24T19:12:51.386-04:00  INFO 15500 --- [ms-factorizacion] [main] com.netflix.discovery.DiscoveryClient    : Discovery Client initialized at timestamp 1782342771385 with initial instances count: 0
2026-06-24T19:12:51.390-04:00  INFO 15500 --- [ms-factorizacion] [main] o.s.c.n.e.s.EurekaServiceRegistry        : Registering application MS-FACTORIZACION with eureka with status UP
2026-06-24T19:12:51.391-04:00  INFO 15500 --- [ms-factorizacion] [main] com.netflix.discovery.DiscoveryClient    : Saw local status change event StatusChangeEvent [timestamp=1782342771391, current=UP, previous=STARTING]
2026-06-24T19:12:51.395-04:00  INFO 15500 --- [ms-factorizacion] [DiscoveryClient-InstanceInfoReplicator-0] com.netflix.discovery.DiscoveryClient    : DiscoveryClient_MS-FACTORIZACION/localhost:ms-factorizacion:8085: registering service...
2026-06-24T19:12:51.409-04:00  INFO 15500 --- [ms-factorizacion] [main] c.e.ms_factorizacion.FacturaServiceTest  : Started FacturaServiceTest in 15.383 seconds (process running for 16.845)
2026-06-24T19:12:51.448-04:00  INFO 15500 --- [ms-factorizacion] [DiscoveryClient-InstanceInfoReplicator-0] c.n.d.s.t.d.RedirectingEurekaHttpClient  : Request execution error. endpoint=DefaultEndpoint{ serviceUrl='http://localhost:8761/eureka/}, exception=I/O error on POST request for "http://localhost:8761/eureka/apps/MS-FACTORIZACION": Connect to http://localhost:8761 [localhost/127.0.0.1, localhost/0:0:0:0:0:0:0:1] failed: Connection refused: getsockopt stacktrace=org.springframework.web.client.ResourceAccessException: I/O error on POST request for "http://localhost:8761/eureka/apps/MS-FACTORIZACION": Connect to http://localhost:8761 [localhost/127.0.0.1, localhost/0:0:0:0:0:0:0:1] failed: Connection refused: getsockopt
	at org.springframework.web.client.RestTemplate.createResourceAccessException(RestTemplate.java:915)
	at org.springframework.web.client.RestTemplate.doExecute(RestTemplate.java:895)
	at org.springframework.web.client.RestTemplate.execute(RestTemplate.java:790)
	at org.springframework.web.client.RestTemplate.exchange(RestTemplate.java:672)
	at org.springframework.cloud.netflix.eureka.http.RestTemplateEurekaHttpClient.register(RestTemplateEurekaHttpClient.java:77)
	at com.netflix.discovery.shared.transport.decorator.EurekaHttpClientDecorator$1.execute(EurekaHttpClientDecorator.java:59)
	at com.netflix.discovery.shared.transport.decorator.RedirectingEurekaHttpClient.executeOnNewServer(RedirectingEurekaHttpClient.java:121)
	at com.netflix.discovery.shared.transport.decorator.RedirectingEurekaHttpClient.execute(RedirectingEurekaHttpClient.java:80)
	at com.netflix.discovery.shared.transport.decorator.EurekaHttpClientDecorator.register(EurekaHttpClientDecorator.java:56)
	at com.netflix.discovery.shared.transport.decorator.EurekaHttpClientDecorator$1.execute(EurekaHttpClientDecorator.java:59)
	at com.netflix.discovery.shared.transport.decorator.RetryableEurekaHttpClient.execute(RetryableEurekaHttpClient.java:120)
	at com.netflix.discovery.shared.transport.decorator.EurekaHttpClientDecorator.register(EurekaHttpClientDecorator.java:56)
	at com.netflix.discovery.shared.transport.decorator.EurekaHttpClientDecorator$1.execute(EurekaHttpClientDecorator.java:59)
	at com.netflix.discovery.shared.transport.decorator.SessionedEurekaHttpClient.execute(SessionedEurekaHttpClient.java:77)
	at com.netflix.discovery.shared.transport.decorator.EurekaHttpClientDecorator.register(EurekaHttpClientDecorator.java:56)
	at com.netflix.discovery.DiscoveryClient.register(DiscoveryClient.java:820)
	at com.netflix.discovery.InstanceInfoReplicator.run(InstanceInfoReplicator.java:121)
	at com.netflix.discovery.InstanceInfoReplicator$1.run(InstanceInfoReplicator.java:101)
	at java.base/java.util.concurrent.Executors$RunnableAdapter.call(Unknown Source)
	at java.base/java.util.concurrent.FutureTask.run(Unknown Source)
	at java.base/java.util.concurrent.ScheduledThreadPoolExecutor$ScheduledFutureTask.run(Unknown Source)
	at java.base/java.util.concurrent.ThreadPoolExecutor.runWorker(Unknown Source)
	at java.base/java.util.concurrent.ThreadPoolExecutor$Worker.run(Unknown Source)
	at java.base/java.lang.Thread.run(Unknown Source)
Caused by: org.apache.hc.client5.http.HttpHostConnectException: Connect to http://localhost:8761 [localhost/127.0.0.1, localhost/0:0:0:0:0:0:0:1] failed: Connection refused: getsockopt
	at java.base/sun.nio.ch.Net.pollConnect(Native Method)
	at java.base/sun.nio.ch.Net.pollConnectNow(Unknown Source)
	at java.base/sun.nio.ch.NioSocketImpl.timedFinishConnect(Unknown Source)
	at java.base/sun.nio.ch.NioSocketImpl.connect(Unknown Source)
	at java.base/java.net.SocksSocketImpl.connect(Unknown Source)
	at java.base/java.net.Socket.connect(Unknown Source)
	at org.apache.hc.client5.http.socket.PlainConnectionSocketFactory.lambda$connectSocket$0(PlainConnectionSocketFactory.java:91)
	at java.base/java.security.AccessController.doPrivileged(Unknown Source)
	at org.apache.hc.client5.http.socket.PlainConnectionSocketFactory.connectSocket(PlainConnectionSocketFactory.java:90)
	at org.apache.hc.client5.http.socket.ConnectionSocketFactory.connectSocket(ConnectionSocketFactory.java:123)
	at org.apache.hc.client5.http.impl.io.DefaultHttpClientConnectionOperator.connect(DefaultHttpClientConnectionOperator.java:184)
	at org.apache.hc.client5.http.impl.io.PoolingHttpClientConnectionManager.connect(PoolingHttpClientConnectionManager.java:447)
	at org.apache.hc.client5.http.impl.classic.InternalExecRuntime.connectEndpoint(InternalExecRuntime.java:162)
	at org.apache.hc.client5.http.impl.classic.InternalExecRuntime.connectEndpoint(InternalExecRuntime.java:172)
	at org.apache.hc.client5.http.impl.classic.ConnectExec.execute(ConnectExec.java:142)
	at org.apache.hc.client5.http.impl.classic.ExecChainElement.execute(ExecChainElement.java:51)
	at org.apache.hc.client5.http.impl.classic.ProtocolExec.execute(ProtocolExec.java:192)
	at org.apache.hc.client5.http.impl.classic.ExecChainElement.execute(ExecChainElement.java:51)
	at org.apache.hc.client5.http.impl.classic.HttpRequestRetryExec.execute(HttpRequestRetryExec.java:96)
	at org.apache.hc.client5.http.impl.classic.ExecChainElement.execute(ExecChainElement.java:51)
	at org.apache.hc.client5.http.impl.classic.ContentCompressionExec.execute(ContentCompressionExec.java:152)
	at org.apache.hc.client5.http.impl.classic.ExecChainElement.execute(ExecChainElement.java:51)
	at org.apache.hc.client5.http.impl.classic.RedirectExec.execute(RedirectExec.java:115)
	at org.apache.hc.client5.http.impl.classic.ExecChainElement.execute(ExecChainElement.java:51)
	at org.apache.hc.client5.http.impl.classic.InternalHttpClient.doExecute(InternalHttpClient.java:170)
	at org.apache.hc.client5.http.impl.classic.CloseableHttpClient.execute(CloseableHttpClient.java:87)
	at org.apache.hc.client5.http.impl.classic.CloseableHttpClient.execute(CloseableHttpClient.java:55)
	at org.apache.hc.client5.http.classic.HttpClient.executeOpen(HttpClient.java:183)
	at org.springframework.http.client.HttpComponentsClientHttpRequest.executeInternal(HttpComponentsClientHttpRequest.java:95)
	at org.springframework.http.client.AbstractStreamingClientHttpRequest.executeInternal(AbstractStreamingClientHttpRequest.java:70)
	at org.springframework.http.client.AbstractClientHttpRequest.execute(AbstractClientHttpRequest.java:66)
	at org.springframework.http.client.InterceptingClientHttpRequest$InterceptingRequestExecution.execute(InterceptingClientHttpRequest.java:112)
	at org.springframework.cloud.netflix.eureka.http.RestTemplateTransportClientFactory.lambda$restTemplate$0(RestTemplateTransportClientFactory.java:143)
	at org.springframework.http.client.InterceptingClientHttpRequest$InterceptingRequestExecution.execute(InterceptingClientHttpRequest.java:88)
	at org.springframework.http.client.InterceptingClientHttpRequest.executeInternal(InterceptingClientHttpRequest.java:72)
	at org.springframework.http.client.AbstractBufferingClientHttpRequest.executeInternal(AbstractBufferingClientHttpRequest.java:48)
	at org.springframework.http.client.AbstractClientHttpRequest.execute(AbstractClientHttpRequest.java:66)
	at org.springframework.web.client.RestTemplate.doExecute(RestTemplate.java:889)
	... 22 more

2026-06-24T19:12:51.449-04:00  WARN 15500 --- [ms-factorizacion] [DiscoveryClient-InstanceInfoReplicator-0] c.n.d.s.t.d.RetryableEurekaHttpClient    : Request execution failed with message: I/O error on POST request for "http://localhost:8761/eureka/apps/MS-FACTORIZACION": Connect to http://localhost:8761 [localhost/127.0.0.1, localhost/0:0:0:0:0:0:0:1] failed: Connection refused: getsockopt
2026-06-24T19:12:51.449-04:00  WARN 15500 --- [ms-factorizacion] [DiscoveryClient-InstanceInfoReplicator-0] com.netflix.discovery.DiscoveryClient    : DiscoveryClient_MS-FACTORIZACION/localhost:ms-factorizacion:8085 - registration failed Cannot execute request on any known server

com.netflix.discovery.shared.transport.TransportException: Cannot execute request on any known server
	at com.netflix.discovery.shared.transport.decorator.RetryableEurekaHttpClient.execute(RetryableEurekaHttpClient.java:112) ~[eureka-client-2.0.2.jar:2.0.2]
	at com.netflix.discovery.shared.transport.decorator.EurekaHttpClientDecorator.register(EurekaHttpClientDecorator.java:56) ~[eureka-client-2.0.2.jar:2.0.2]
	at com.netflix.discovery.shared.transport.decorator.EurekaHttpClientDecorator$1.execute(EurekaHttpClientDecorator.java:59) ~[eureka-client-2.0.2.jar:2.0.2]
	at com.netflix.discovery.shared.transport.decorator.SessionedEurekaHttpClient.execute(SessionedEurekaHttpClient.java:77) ~[eureka-client-2.0.2.jar:2.0.2]
	at com.netflix.discovery.shared.transport.decorator.EurekaHttpClientDecorator.register(EurekaHttpClientDecorator.java:56) ~[eureka-client-2.0.2.jar:2.0.2]
	at com.netflix.discovery.DiscoveryClient.register(DiscoveryClient.java:820) ~[eureka-client-2.0.2.jar:2.0.2]
	at com.netflix.discovery.InstanceInfoReplicator.run(InstanceInfoReplicator.java:121) ~[eureka-client-2.0.2.jar:2.0.2]
	at com.netflix.discovery.InstanceInfoReplicator$1.run(InstanceInfoReplicator.java:101) ~[eureka-client-2.0.2.jar:2.0.2]
	at java.base/java.util.concurrent.Executors$RunnableAdapter.call(Unknown Source) ~[na:na]
	at java.base/java.util.concurrent.FutureTask.run(Unknown Source) ~[na:na]
	at java.base/java.util.concurrent.ScheduledThreadPoolExecutor$ScheduledFutureTask.run(Unknown Source) ~[na:na]
	at java.base/java.util.concurrent.ThreadPoolExecutor.runWorker(Unknown Source) ~[na:na]
	at java.base/java.util.concurrent.ThreadPoolExecutor$Worker.run(Unknown Source) ~[na:na]
	at java.base/java.lang.Thread.run(Unknown Source) ~[na:na]

2026-06-24T19:12:51.453-04:00  WARN 15500 --- [ms-factorizacion] [DiscoveryClient-InstanceInfoReplicator-0] c.n.discovery.InstanceInfoReplicator     : There was a problem with the instance info replicator

com.netflix.discovery.shared.transport.TransportException: Cannot execute request on any known server
	at com.netflix.discovery.shared.transport.decorator.RetryableEurekaHttpClient.execute(RetryableEurekaHttpClient.java:112) ~[eureka-client-2.0.2.jar:2.0.2]
	at com.netflix.discovery.shared.transport.decorator.EurekaHttpClientDecorator.register(EurekaHttpClientDecorator.java:56) ~[eureka-client-2.0.2.jar:2.0.2]
	at com.netflix.discovery.shared.transport.decorator.EurekaHttpClientDecorator$1.execute(EurekaHttpClientDecorator.java:59) ~[eureka-client-2.0.2.jar:2.0.2]
	at com.netflix.discovery.shared.transport.decorator.SessionedEurekaHttpClient.execute(SessionedEurekaHttpClient.java:77) ~[eureka-client-2.0.2.jar:2.0.2]
	at com.netflix.discovery.shared.transport.decorator.EurekaHttpClientDecorator.register(EurekaHttpClientDecorator.java:56) ~[eureka-client-2.0.2.jar:2.0.2]
	at com.netflix.discovery.DiscoveryClient.register(DiscoveryClient.java:820) ~[eureka-client-2.0.2.jar:2.0.2]
	at com.netflix.discovery.InstanceInfoReplicator.run(InstanceInfoReplicator.java:121) ~[eureka-client-2.0.2.jar:2.0.2]
	at com.netflix.discovery.InstanceInfoReplicator$1.run(InstanceInfoReplicator.java:101) ~[eureka-client-2.0.2.jar:2.0.2]
	at java.base/java.util.concurrent.Executors$RunnableAdapter.call(Unknown Source) ~[na:na]
	at java.base/java.util.concurrent.FutureTask.run(Unknown Source) ~[na:na]
	at java.base/java.util.concurrent.ScheduledThreadPoolExecutor$ScheduledFutureTask.run(Unknown Source) ~[na:na]
	at java.base/java.util.concurrent.ThreadPoolExecutor.runWorker(Unknown Source) ~[na:na]
	at java.base/java.util.concurrent.ThreadPoolExecutor$Worker.run(Unknown Source) ~[na:na]
	at java.base/java.lang.Thread.run(Unknown Source) ~[na:na]

2026-06-24T19:12:51.623-04:00  INFO 15500 --- [ms-factorizacion] [main] t.c.s.AnnotationConfigContextLoaderUtils : Could not detect default configuration classes for test class [com.example.ms_factorizacion.MsFactorizacionApplicationTests]: MsFactorizacionApplicationTests does not declare any static, non-private, non-final, nested classes annotated with @Configuration.
2026-06-24T19:12:51.625-04:00  INFO 15500 --- [ms-factorizacion] [main] .b.t.c.SpringBootTestContextBootstrapper : Found @SpringBootConfiguration com.example.ms_factorizacion.MsFactorizacionApplication for test class com.example.ms_factorizacion.MsFactorizacionApplicationTests
2026-06-24T19:12:52.700-04:00  INFO 15500 --- [ms-factorizacion] [main] c.e.m.MsFactorizacionApplicationTests    : Starting MsFactorizacionApplicationTests using Java 21.0.10 with PID 15500 (started by sofia in C:\Users\sofia\Downloads\ProyectoFullstackEpico\MicroServicios-main\ms-factorizacion)
2026-06-24T19:12:52.701-04:00  INFO 15500 --- [ms-factorizacion] [main] c.e.m.MsFactorizacionApplicationTests    : No active profile set, falling back to 1 default profile: "default"
2026-06-24T19:12:53.110-04:00  INFO 15500 --- [ms-factorizacion] [main] .s.d.r.c.RepositoryConfigurationDelegate : Bootstrapping Spring Data JPA repositories in DEFAULT mode.
2026-06-24T19:12:53.139-04:00  INFO 15500 --- [ms-factorizacion] [main] .s.d.r.c.RepositoryConfigurationDelegate : Finished Spring Data repository scanning in 28 ms. Found 1 JPA repository interface.
2026-06-24T19:12:53.211-04:00  INFO 15500 --- [ms-factorizacion] [main] o.s.cloud.context.scope.GenericScope     : BeanFactory id=67ac977c-debd-39d3-9663-866cb705ec0d
2026-06-24T19:12:53.252-04:00  WARN 15500 --- [ms-factorizacion] [main] trationDelegate$BeanPostProcessorChecker : Bean 'org.springframework.cloud.client.loadbalancer.LoadBalancerAutoConfiguration$DeferringLoadBalancerInterceptorConfig' of type [org.springframework.cloud.client.loadbalancer.LoadBalancerAutoConfiguration$DeferringLoadBalancerInterceptorConfig] is not eligible for getting processed by all BeanPostProcessors (for example: not eligible for auto-proxying). The currently created BeanPostProcessor [lbRestClientPostProcessor] is declared through a non-static factory method on that class; consider declaring it as static instead.
2026-06-24T19:12:53.253-04:00  WARN 15500 --- [ms-factorizacion] [main] trationDelegate$BeanPostProcessorChecker : Bean 'deferringLoadBalancerInterceptor' of type [org.springframework.cloud.client.loadbalancer.DeferringLoadBalancerInterceptor] is not eligible for getting processed by all BeanPostProcessors (for example: not eligible for auto-proxying). Is this bean getting eagerly injected into a currently created BeanPostProcessor [lbRestClientPostProcessor]? Check the corresponding BeanPostProcessor declaration and its dependencies.
2026-06-24T19:12:53.286-04:00  INFO 15500 --- [ms-factorizacion] [main] com.zaxxer.hikari.HikariDataSource       : HikariPool-2 - Starting...
2026-06-24T19:12:53.308-04:00  INFO 15500 --- [ms-factorizacion] [main] com.zaxxer.hikari.pool.HikariPool        : HikariPool-2 - Added connection com.mysql.cj.jdbc.ConnectionImpl@56c72fff
2026-06-24T19:12:53.308-04:00  INFO 15500 --- [ms-factorizacion] [main] com.zaxxer.hikari.HikariDataSource       : HikariPool-2 - Start completed.
2026-06-24T19:12:53.322-04:00  INFO 15500 --- [ms-factorizacion] [main] org.flywaydb.core.FlywayExecutor         : Database: jdbc:mysql://localhost:3306/db_factorizacion (MySQL 8.0)
2026-06-24T19:12:53.333-04:00  INFO 15500 --- [ms-factorizacion] [main] o.f.c.i.s.JdbcTableSchemaHistory         : Schema history table `db_factorizacion`.`flyway_schema_history` does not exist yet
2026-06-24T19:12:53.334-04:00  INFO 15500 --- [ms-factorizacion] [main] o.f.core.internal.command.DbValidate     : Successfully validated 1 migration (execution time 00:00.006s)
2026-06-24T19:12:53.349-04:00  INFO 15500 --- [ms-factorizacion] [main] o.f.c.i.s.JdbcTableSchemaHistory         : Creating Schema History table `db_factorizacion`.`flyway_schema_history` ...
2026-06-24T19:12:53.404-04:00  INFO 15500 --- [ms-factorizacion] [main] o.f.core.internal.command.DbMigrate      : Current version of schema `db_factorizacion`: << Empty Schema >>
2026-06-24T19:12:53.412-04:00  INFO 15500 --- [ms-factorizacion] [main] o.f.core.internal.command.DbMigrate      : Migrating schema `db_factorizacion` to version "1 - factura"
2026-06-24T19:12:53.482-04:00  INFO 15500 --- [ms-factorizacion] [main] o.f.core.internal.command.DbMigrate      : Successfully applied 1 migration to schema `db_factorizacion`, now at version v1 (execution time 00:00.025s)
2026-06-24T19:12:53.532-04:00  INFO 15500 --- [ms-factorizacion] [main] o.hibernate.jpa.internal.util.LogHelper  : HHH000204: Processing PersistenceUnitInfo [name: default]
2026-06-24T19:12:53.537-04:00  INFO 15500 --- [ms-factorizacion] [main] o.h.c.internal.RegionFactoryInitiator    : HHH000026: Second-level cache disabled
2026-06-24T19:12:53.543-04:00  INFO 15500 --- [ms-factorizacion] [main] o.s.o.j.p.SpringPersistenceUnitInfo      : No LoadTimeWeaver setup: ignoring JPA class transformer
2026-06-24T19:12:53.628-04:00  INFO 15500 --- [ms-factorizacion] [main] o.h.e.t.j.p.i.JtaPlatformInitiator       : HHH000489: No JTA platform available (set 'hibernate.transaction.jta.platform' to enable JTA platform integration)
2026-06-24T19:12:53.667-04:00 DEBUG 15500 --- [ms-factorizacion] [main] org.hibernate.SQL                        : create table factorizacion (id bigint not null auto_increment, fecha_factura varchar(255), metodo_pago varchar(255), pago_id bigint, total integer not null, primary key (id)) engine=InnoDB
2026-06-24T19:12:53.702-04:00  INFO 15500 --- [ms-factorizacion] [main] j.LocalContainerEntityManagerFactoryBean : Initialized JPA EntityManagerFactory for persistence unit 'default'
2026-06-24T19:12:54.212-04:00  WARN 15500 --- [ms-factorizacion] [main] JpaBaseConfiguration$JpaWebConfiguration : spring.jpa.open-in-view is enabled by default. Therefore, database queries may be performed during view rendering. Explicitly configure spring.jpa.open-in-view to disable this warning
2026-06-24T19:12:55.240-04:00  INFO 15500 --- [ms-factorizacion] [main] o.s.cloud.commons.util.InetUtils         : Cannot determine local hostname
2026-06-24T19:12:56.503-04:00  INFO 15500 --- [ms-factorizacion] [main] o.s.cloud.commons.util.InetUtils         : Cannot determine local hostname
2026-06-24T19:12:56.528-04:00  INFO 15500 --- [ms-factorizacion] [main] DiscoveryClientOptionalArgsConfiguration : Eureka HTTP Client uses RestTemplate.
2026-06-24T19:12:56.548-04:00  WARN 15500 --- [ms-factorizacion] [main] iguration$LoadBalancerCaffeineWarnLogger : Spring Cloud LoadBalancer is currently working with the default cache. While this cache implementation is useful for development and tests, it's recommended to use Caffeine cache in production.You can switch to using Caffeine cache, by adding it and org.springframework.cache.caffeine.CaffeineCacheManager to the classpath.
2026-06-24T19:12:56.576-04:00  INFO 15500 --- [ms-factorizacion] [main] o.s.c.n.eureka.InstanceInfoFactory       : Setting initial instance status as: STARTING
2026-06-24T19:12:56.579-04:00  INFO 15500 --- [ms-factorizacion] [main] com.netflix.discovery.DiscoveryClient    : Initializing Eureka in region us-east-1
2026-06-24T19:12:56.580-04:00  INFO 15500 --- [ms-factorizacion] [main] c.n.d.s.r.aws.ConfigClusterResolver      : Resolving eureka endpoints via configuration
2026-06-24T19:12:56.582-04:00  INFO 15500 --- [ms-factorizacion] [main] com.netflix.discovery.DiscoveryClient    : Disable delta property : false
2026-06-24T19:12:56.583-04:00  INFO 15500 --- [ms-factorizacion] [main] com.netflix.discovery.DiscoveryClient    : Single vip registry refresh property : null
2026-06-24T19:12:56.583-04:00  INFO 15500 --- [ms-factorizacion] [main] com.netflix.discovery.DiscoveryClient    : Force full registry fetch : false
2026-06-24T19:12:56.583-04:00  INFO 15500 --- [ms-factorizacion] [main] com.netflix.discovery.DiscoveryClient    : Application is null : false
2026-06-24T19:12:56.583-04:00  INFO 15500 --- [ms-factorizacion] [main] com.netflix.discovery.DiscoveryClient    : Registered Applications size is zero : true
2026-06-24T19:12:56.583-04:00  INFO 15500 --- [ms-factorizacion] [main] com.netflix.discovery.DiscoveryClient    : Application version is -1: true
2026-06-24T19:12:56.583-04:00  INFO 15500 --- [ms-factorizacion] [main] com.netflix.discovery.DiscoveryClient    : Getting all instance registry info from the eureka server
2026-06-24T19:12:56.610-04:00  INFO 15500 --- [ms-factorizacion] [main] c.n.d.s.t.d.RedirectingEurekaHttpClient  : Request execution error. endpoint=DefaultEndpoint{ serviceUrl='http://localhost:8761/eureka/}, exception=I/O error on GET request for "http://localhost:8761/eureka/apps/": Connect to http://localhost:8761 [localhost/127.0.0.1, localhost/0:0:0:0:0:0:0:1] failed: Connection refused: getsockopt stacktrace=org.springframework.web.client.ResourceAccessException: I/O error on GET request for "http://localhost:8761/eureka/apps/": Connect to http://localhost:8761 [localhost/127.0.0.1, localhost/0:0:0:0:0:0:0:1] failed: Connection refused: getsockopt
	at org.springframework.web.client.RestTemplate.createResourceAccessException(RestTemplate.java:915)
	at org.springframework.web.client.RestTemplate.doExecute(RestTemplate.java:895)
	at org.springframework.web.client.RestTemplate.execute(RestTemplate.java:790)
	at org.springframework.web.client.RestTemplate.exchange(RestTemplate.java:672)
	at org.springframework.cloud.netflix.eureka.http.RestTemplateEurekaHttpClient.getApplicationsInternal(RestTemplateEurekaHttpClient.java:145)
	at org.springframework.cloud.netflix.eureka.http.RestTemplateEurekaHttpClient.getApplications(RestTemplateEurekaHttpClient.java:135)
	at com.netflix.discovery.shared.transport.decorator.EurekaHttpClientDecorator$6.execute(EurekaHttpClientDecorator.java:137)
	at com.netflix.discovery.shared.transport.decorator.RedirectingEurekaHttpClient.executeOnNewServer(RedirectingEurekaHttpClient.java:121)
	at com.netflix.discovery.shared.transport.decorator.RedirectingEurekaHttpClient.execute(RedirectingEurekaHttpClient.java:80)
	at com.netflix.discovery.shared.transport.decorator.EurekaHttpClientDecorator.getApplications(EurekaHttpClientDecorator.java:134)
	at com.netflix.discovery.shared.transport.decorator.EurekaHttpClientDecorator$6.execute(EurekaHttpClientDecorator.java:137)
	at com.netflix.discovery.shared.transport.decorator.RetryableEurekaHttpClient.execute(RetryableEurekaHttpClient.java:120)
	at com.netflix.discovery.shared.transport.decorator.EurekaHttpClientDecorator.getApplications(EurekaHttpClientDecorator.java:134)
	at com.netflix.discovery.shared.transport.decorator.EurekaHttpClientDecorator$6.execute(EurekaHttpClientDecorator.java:137)
	at com.netflix.discovery.shared.transport.decorator.SessionedEurekaHttpClient.execute(SessionedEurekaHttpClient.java:77)
	at com.netflix.discovery.shared.transport.decorator.EurekaHttpClientDecorator.getApplications(EurekaHttpClientDecorator.java:134)
	at com.netflix.discovery.DiscoveryClient.getAndStoreFullRegistry(DiscoveryClient.java:1045)
	at com.netflix.discovery.DiscoveryClient.fetchRegistry(DiscoveryClient.java:958)
	at com.netflix.discovery.DiscoveryClient.<init>(DiscoveryClient.java:396)
	at com.netflix.discovery.DiscoveryClient.<init>(DiscoveryClient.java:247)
	at com.netflix.discovery.DiscoveryClient.<init>(DiscoveryClient.java:242)
	at org.springframework.cloud.netflix.eureka.CloudEurekaClient.<init>(CloudEurekaClient.java:68)
	at org.springframework.cloud.netflix.eureka.EurekaClientAutoConfiguration$RefreshableEurekaClientConfiguration.eurekaClient(EurekaClientAutoConfiguration.java:321)
	at java.base/jdk.internal.reflect.DirectMethodHandleAccessor.invoke(Unknown Source)
	at java.base/java.lang.reflect.Method.invoke(Unknown Source)
	at org.springframework.beans.factory.support.SimpleInstantiationStrategy.instantiate(SimpleInstantiationStrategy.java:140)
	at org.springframework.beans.factory.support.ConstructorResolver.instantiate(ConstructorResolver.java:644)
	at org.springframework.beans.factory.support.ConstructorResolver.instantiateUsingFactoryMethod(ConstructorResolver.java:636)
	at org.springframework.beans.factory.support.AbstractAutowireCapableBeanFactory.instantiateUsingFactoryMethod(AbstractAutowireCapableBeanFactory.java:1335)
	at org.springframework.beans.factory.support.AbstractAutowireCapableBeanFactory.createBeanInstance(AbstractAutowireCapableBeanFactory.java:1165)
	at org.springframework.beans.factory.support.AbstractAutowireCapableBeanFactory.doCreateBean(AbstractAutowireCapableBeanFactory.java:562)
	at org.springframework.beans.factory.support.AbstractAutowireCapableBeanFactory.createBean(AbstractAutowireCapableBeanFactory.java:522)
	at org.springframework.beans.factory.support.AbstractBeanFactory.lambda$doGetBean$1(AbstractBeanFactory.java:365)
	at org.springframework.cloud.context.scope.GenericScope$BeanLifecycleWrapper.getBean(GenericScope.java:375)
	at org.springframework.cloud.context.scope.GenericScope.get(GenericScope.java:179)
	at org.springframework.beans.factory.support.AbstractBeanFactory.doGetBean(AbstractBeanFactory.java:362)
	at org.springframework.beans.factory.support.AbstractBeanFactory.getBean(AbstractBeanFactory.java:200)
	at org.springframework.aop.target.SimpleBeanTargetSource.getTarget(SimpleBeanTargetSource.java:35)
	at org.springframework.cloud.netflix.eureka.serviceregistry.EurekaRegistration.getTargetObject(EurekaRegistration.java:128)
	at org.springframework.cloud.netflix.eureka.serviceregistry.EurekaRegistration.getEurekaClient(EurekaRegistration.java:116)
	at java.base/jdk.internal.reflect.DirectMethodHandleAccessor.invoke(Unknown Source)
	at java.base/java.lang.reflect.Method.invoke(Unknown Source)
	at org.springframework.util.ReflectionUtils.invokeMethod(ReflectionUtils.java:281)
	at org.springframework.cloud.context.scope.GenericScope$LockedScopedProxyFactoryBean.invoke(GenericScope.java:482)
	at org.springframework.aop.framework.ReflectiveMethodInvocation.proceed(ReflectiveMethodInvocation.java:184)
	at org.springframework.aop.framework.CglibAopProxy$CglibMethodInvocation.proceed(CglibAopProxy.java:768)
	at org.springframework.aop.framework.CglibAopProxy$DynamicAdvisedInterceptor.intercept(CglibAopProxy.java:720)
	at org.springframework.cloud.netflix.eureka.serviceregistry.EurekaRegistration$$SpringCGLIB$$0.getEurekaClient(<generated>)
	at org.springframework.cloud.netflix.eureka.serviceregistry.EurekaServiceRegistry.maybeInitializeClient(EurekaServiceRegistry.java:83)
	at org.springframework.cloud.netflix.eureka.serviceregistry.EurekaServiceRegistry.register(EurekaServiceRegistry.java:66)
	at org.springframework.cloud.netflix.eureka.serviceregistry.EurekaAutoServiceRegistration.start(EurekaAutoServiceRegistration.java:89)
	at org.springframework.context.support.DefaultLifecycleProcessor.doStart(DefaultLifecycleProcessor.java:288)
	at org.springframework.context.support.DefaultLifecycleProcessor$LifecycleGroup.start(DefaultLifecycleProcessor.java:471)
	at java.base/java.lang.Iterable.forEach(Unknown Source)
	at org.springframework.context.support.DefaultLifecycleProcessor.startBeans(DefaultLifecycleProcessor.java:260)
	at org.springframework.context.support.DefaultLifecycleProcessor.onRefresh(DefaultLifecycleProcessor.java:205)
	at org.springframework.context.support.AbstractApplicationContext.finishRefresh(AbstractApplicationContext.java:981)
	at org.springframework.context.support.AbstractApplicationContext.refresh(AbstractApplicationContext.java:627)
	at org.springframework.boot.SpringApplication.refresh(SpringApplication.java:754)
	at org.springframework.boot.SpringApplication.refreshContext(SpringApplication.java:456)
	at org.springframework.boot.SpringApplication.run(SpringApplication.java:334)
	at org.springframework.boot.test.context.SpringBootContextLoader.lambda$loadContext$3(SpringBootContextLoader.java:137)
	at org.springframework.util.function.ThrowingSupplier.get(ThrowingSupplier.java:58)
	at org.springframework.util.function.ThrowingSupplier.get(ThrowingSupplier.java:46)
	at org.springframework.boot.SpringApplication.withHook(SpringApplication.java:1454)
	at org.springframework.boot.test.context.SpringBootContextLoader$ContextLoaderHook.run(SpringBootContextLoader.java:553)
	at org.springframework.boot.test.context.SpringBootContextLoader.loadContext(SpringBootContextLoader.java:137)
	at org.springframework.boot.test.context.SpringBootContextLoader.loadContext(SpringBootContextLoader.java:108)
	at org.springframework.test.context.cache.DefaultCacheAwareContextLoaderDelegate.loadContextInternal(DefaultCacheAwareContextLoaderDelegate.java:225)
	at org.springframework.test.context.cache.DefaultCacheAwareContextLoaderDelegate.loadContext(DefaultCacheAwareContextLoaderDelegate.java:152)
	at org.springframework.test.context.support.DefaultTestContext.getApplicationContext(DefaultTestContext.java:130)
	at org.springframework.test.context.web.ServletTestExecutionListener.setUpRequestContextIfNecessary(ServletTestExecutionListener.java:191)
	at org.springframework.test.context.web.ServletTestExecutionListener.prepareTestInstance(ServletTestExecutionListener.java:130)
	at org.springframework.test.context.TestContextManager.prepareTestInstance(TestContextManager.java:260)
	at org.springframework.test.context.junit.jupiter.SpringExtension.postProcessTestInstance(SpringExtension.java:163)
	at org.junit.jupiter.engine.descriptor.ClassBasedTestDescriptor.lambda$invokeTestInstancePostProcessors$10(ClassBasedTestDescriptor.java:378)
	at org.junit.jupiter.engine.descriptor.ClassBasedTestDescriptor.executeAndMaskThrowable(ClassBasedTestDescriptor.java:383)
	at org.junit.jupiter.engine.descriptor.ClassBasedTestDescriptor.lambda$invokeTestInstancePostProcessors$11(ClassBasedTestDescriptor.java:378)
	at java.base/java.util.stream.ReferencePipeline$3$1.accept(Unknown Source)
	at java.base/java.util.stream.ReferencePipeline$2$1.accept(Unknown Source)
	at java.base/java.util.ArrayList$ArrayListSpliterator.forEachRemaining(Unknown Source)
	at java.base/java.util.stream.AbstractPipeline.copyInto(Unknown Source)
	at java.base/java.util.stream.AbstractPipeline.wrapAndCopyInto(Unknown Source)
	at java.base/java.util.stream.StreamSpliterators$WrappingSpliterator.forEachRemaining(Unknown Source)
	at java.base/java.util.stream.Streams$ConcatSpliterator.forEachRemaining(Unknown Source)
	at java.base/java.util.stream.Streams$ConcatSpliterator.forEachRemaining(Unknown Source)
	at java.base/java.util.stream.ReferencePipeline$Head.forEach(Unknown Source)
	at org.junit.jupiter.engine.descriptor.ClassBasedTestDescriptor.invokeTestInstancePostProcessors(ClassBasedTestDescriptor.java:377)
	at org.junit.jupiter.engine.descriptor.ClassBasedTestDescriptor.lambda$instantiateAndPostProcessTestInstance$6(ClassBasedTestDescriptor.java:290)
	at org.junit.platform.engine.support.hierarchical.ThrowableCollector.execute(ThrowableCollector.java:73)
	at org.junit.jupiter.engine.descriptor.ClassBasedTestDescriptor.instantiateAndPostProcessTestInstance(ClassBasedTestDescriptor.java:289)
	at org.junit.jupiter.engine.descriptor.ClassBasedTestDescriptor.lambda$testInstancesProvider$4(ClassBasedTestDescriptor.java:279)
	at java.base/java.util.Optional.orElseGet(Unknown Source)
	at org.junit.jupiter.engine.descriptor.ClassBasedTestDescriptor.lambda$testInstancesProvider$5(ClassBasedTestDescriptor.java:278)
	at org.junit.jupiter.engine.execution.TestInstancesProvider.getTestInstances(TestInstancesProvider.java:31)
	at org.junit.jupiter.engine.descriptor.TestMethodTestDescriptor.lambda$prepare$0(TestMethodTestDescriptor.java:106)
	at org.junit.platform.engine.support.hierarchical.ThrowableCollector.execute(ThrowableCollector.java:73)
	at org.junit.jupiter.engine.descriptor.TestMethodTestDescriptor.prepare(TestMethodTestDescriptor.java:105)
	at org.junit.jupiter.engine.descriptor.TestMethodTestDescriptor.prepare(TestMethodTestDescriptor.java:69)
	at org.junit.platform.engine.support.hierarchical.NodeTestTask.lambda$prepare$2(NodeTestTask.java:123)
	at org.junit.platform.engine.support.hierarchical.ThrowableCollector.execute(ThrowableCollector.java:73)
	at org.junit.platform.engine.support.hierarchical.NodeTestTask.prepare(NodeTestTask.java:123)
	at org.junit.platform.engine.support.hierarchical.NodeTestTask.execute(NodeTestTask.java:90)
	at java.base/java.util.ArrayList.forEach(Unknown Source)
	at org.junit.platform.engine.support.hierarchical.SameThreadHierarchicalTestExecutorService.invokeAll(SameThreadHierarchicalTestExecutorService.java:41)
	at org.junit.platform.engine.support.hierarchical.NodeTestTask.lambda$executeRecursively$6(NodeTestTask.java:155)
	at org.junit.platform.engine.support.hierarchical.ThrowableCollector.execute(ThrowableCollector.java:73)
	at org.junit.platform.engine.support.hierarchical.NodeTestTask.lambda$executeRecursively$8(NodeTestTask.java:141)
	at org.junit.platform.engine.support.hierarchical.Node.around(Node.java:137)
	at org.junit.platform.engine.support.hierarchical.NodeTestTask.lambda$executeRecursively$9(NodeTestTask.java:139)
	at org.junit.platform.engine.support.hierarchical.ThrowableCollector.execute(ThrowableCollector.java:73)
	at org.junit.platform.engine.support.hierarchical.NodeTestTask.executeRecursively(NodeTestTask.java:138)
	at org.junit.platform.engine.support.hierarchical.NodeTestTask.execute(NodeTestTask.java:95)
	at java.base/java.util.ArrayList.forEach(Unknown Source)
	at org.junit.platform.engine.support.hierarchical.SameThreadHierarchicalTestExecutorService.invokeAll(SameThreadHierarchicalTestExecutorService.java:41)
	at org.junit.platform.engine.support.hierarchical.NodeTestTask.lambda$executeRecursively$6(NodeTestTask.java:155)
	at org.junit.platform.engine.support.hierarchical.ThrowableCollector.execute(ThrowableCollector.java:73)
	at org.junit.platform.engine.support.hierarchical.NodeTestTask.lambda$executeRecursively$8(NodeTestTask.java:141)
	at org.junit.platform.engine.support.hierarchical.Node.around(Node.java:137)
	at org.junit.platform.engine.support.hierarchical.NodeTestTask.lambda$executeRecursively$9(NodeTestTask.java:139)
	at org.junit.platform.engine.support.hierarchical.ThrowableCollector.execute(ThrowableCollector.java:73)
	at org.junit.platform.engine.support.hierarchical.NodeTestTask.executeRecursively(NodeTestTask.java:138)
	at org.junit.platform.engine.support.hierarchical.NodeTestTask.execute(NodeTestTask.java:95)
	at org.junit.platform.engine.support.hierarchical.SameThreadHierarchicalTestExecutorService.submit(SameThreadHierarchicalTestExecutorService.java:35)
	at org.junit.platform.engine.support.hierarchical.HierarchicalTestExecutor.execute(HierarchicalTestExecutor.java:57)
	at org.junit.platform.engine.support.hierarchical.HierarchicalTestEngine.execute(HierarchicalTestEngine.java:54)
	at org.junit.platform.launcher.core.EngineExecutionOrchestrator.execute(EngineExecutionOrchestrator.java:198)
	at org.junit.platform.launcher.core.EngineExecutionOrchestrator.execute(EngineExecutionOrchestrator.java:169)
	at org.junit.platform.launcher.core.EngineExecutionOrchestrator.execute(EngineExecutionOrchestrator.java:93)
	at org.junit.platform.launcher.core.EngineExecutionOrchestrator.lambda$execute$0(EngineExecutionOrchestrator.java:58)
	at org.junit.platform.launcher.core.EngineExecutionOrchestrator.withInterceptedStreams(EngineExecutionOrchestrator.java:141)
	at org.junit.platform.launcher.core.EngineExecutionOrchestrator.execute(EngineExecutionOrchestrator.java:57)
	at org.junit.platform.launcher.core.DefaultLauncher.execute(DefaultLauncher.java:103)
	at org.junit.platform.launcher.core.DefaultLauncher.execute(DefaultLauncher.java:94)
	at org.junit.platform.launcher.core.DelegatingLauncher.execute(DelegatingLauncher.java:52)
	at org.junit.platform.launcher.core.SessionPerRequestLauncher.execute(SessionPerRequestLauncher.java:70)
	at org.eclipse.jdt.internal.junit5.runner.JUnit5TestReference.run(JUnit5TestReference.java:100)
	at org.eclipse.jdt.internal.junit.runner.TestExecution.run(TestExecution.java:40)
	at org.eclipse.jdt.internal.junit.runner.RemoteTestRunner.runTests(RemoteTestRunner.java:520)
	at org.eclipse.jdt.internal.junit.runner.RemoteTestRunner.runTests(RemoteTestRunner.java:748)
	at org.eclipse.jdt.internal.junit.runner.RemoteTestRunner.run(RemoteTestRunner.java:443)
	at org.eclipse.jdt.internal.junit.runner.RemoteTestRunner.main(RemoteTestRunner.java:211)
Caused by: org.apache.hc.client5.http.HttpHostConnectException: Connect to http://localhost:8761 [localhost/127.0.0.1, localhost/0:0:0:0:0:0:0:1] failed: Connection refused: getsockopt
	at java.base/sun.nio.ch.Net.pollConnect(Native Method)
	at java.base/sun.nio.ch.Net.pollConnectNow(Unknown Source)
	at java.base/sun.nio.ch.NioSocketImpl.timedFinishConnect(Unknown Source)
	at java.base/sun.nio.ch.NioSocketImpl.connect(Unknown Source)
	at java.base/java.net.SocksSocketImpl.connect(Unknown Source)
	at java.base/java.net.Socket.connect(Unknown Source)
	at org.apache.hc.client5.http.socket.PlainConnectionSocketFactory.lambda$connectSocket$0(PlainConnectionSocketFactory.java:91)
	at java.base/java.security.AccessController.doPrivileged(Unknown Source)
	at org.apache.hc.client5.http.socket.PlainConnectionSocketFactory.connectSocket(PlainConnectionSocketFactory.java:90)
	at org.apache.hc.client5.http.socket.ConnectionSocketFactory.connectSocket(ConnectionSocketFactory.java:123)
	at org.apache.hc.client5.http.impl.io.DefaultHttpClientConnectionOperator.connect(DefaultHttpClientConnectionOperator.java:184)
	at org.apache.hc.client5.http.impl.io.PoolingHttpClientConnectionManager.connect(PoolingHttpClientConnectionManager.java:447)
	at org.apache.hc.client5.http.impl.classic.InternalExecRuntime.connectEndpoint(InternalExecRuntime.java:162)
	at org.apache.hc.client5.http.impl.classic.InternalExecRuntime.connectEndpoint(InternalExecRuntime.java:172)
	at org.apache.hc.client5.http.impl.classic.ConnectExec.execute(ConnectExec.java:142)
	at org.apache.hc.client5.http.impl.classic.ExecChainElement.execute(ExecChainElement.java:51)
	at org.apache.hc.client5.http.impl.classic.ProtocolExec.execute(ProtocolExec.java:192)
	at org.apache.hc.client5.http.impl.classic.ExecChainElement.execute(ExecChainElement.java:51)
	at org.apache.hc.client5.http.impl.classic.HttpRequestRetryExec.execute(HttpRequestRetryExec.java:96)
	at org.apache.hc.client5.http.impl.classic.ExecChainElement.execute(ExecChainElement.java:51)
	at org.apache.hc.client5.http.impl.classic.ContentCompressionExec.execute(ContentCompressionExec.java:152)
	at org.apache.hc.client5.http.impl.classic.ExecChainElement.execute(ExecChainElement.java:51)
	at org.apache.hc.client5.http.impl.classic.RedirectExec.execute(RedirectExec.java:115)
	at org.apache.hc.client5.http.impl.classic.ExecChainElement.execute(ExecChainElement.java:51)
	at org.apache.hc.client5.http.impl.classic.InternalHttpClient.doExecute(InternalHttpClient.java:170)
	at org.apache.hc.client5.http.impl.classic.CloseableHttpClient.execute(CloseableHttpClient.java:87)
	at org.apache.hc.client5.http.impl.classic.CloseableHttpClient.execute(CloseableHttpClient.java:55)
	at org.apache.hc.client5.http.classic.HttpClient.executeOpen(HttpClient.java:183)
	at org.springframework.http.client.HttpComponentsClientHttpRequest.executeInternal(HttpComponentsClientHttpRequest.java:95)
	at org.springframework.http.client.AbstractStreamingClientHttpRequest.executeInternal(AbstractStreamingClientHttpRequest.java:70)
	at org.springframework.http.client.AbstractClientHttpRequest.execute(AbstractClientHttpRequest.java:66)
	at org.springframework.http.client.InterceptingClientHttpRequest$InterceptingRequestExecution.execute(InterceptingClientHttpRequest.java:112)
	at org.springframework.cloud.netflix.eureka.http.RestTemplateTransportClientFactory.lambda$restTemplate$0(RestTemplateTransportClientFactory.java:143)
	at org.springframework.http.client.InterceptingClientHttpRequest$InterceptingRequestExecution.execute(InterceptingClientHttpRequest.java:88)
	at org.springframework.http.client.InterceptingClientHttpRequest.executeInternal(InterceptingClientHttpRequest.java:72)
	at org.springframework.http.client.AbstractBufferingClientHttpRequest.executeInternal(AbstractBufferingClientHttpRequest.java:48)
	at org.springframework.http.client.AbstractClientHttpRequest.execute(AbstractClientHttpRequest.java:66)
	at org.springframework.web.client.RestTemplate.doExecute(RestTemplate.java:889)
	... 140 more

2026-06-24T19:12:56.611-04:00  WARN 15500 --- [ms-factorizacion] [main] c.n.d.s.t.d.RetryableEurekaHttpClient    : Request execution failed with message: I/O error on GET request for "http://localhost:8761/eureka/apps/": Connect to http://localhost:8761 [localhost/127.0.0.1, localhost/0:0:0:0:0:0:0:1] failed: Connection refused: getsockopt
2026-06-24T19:12:56.612-04:00  INFO 15500 --- [ms-factorizacion] [main] com.netflix.discovery.DiscoveryClient    : DiscoveryClient_MS-FACTORIZACION/localhost:ms-factorizacion:8085 - was unable to refresh its cache! This periodic background refresh will be retried in 30 seconds. status = Cannot execute request on any known server stacktrace = com.netflix.discovery.shared.transport.TransportException: Cannot execute request on any known server
	at com.netflix.discovery.shared.transport.decorator.RetryableEurekaHttpClient.execute(RetryableEurekaHttpClient.java:112)
	at com.netflix.discovery.shared.transport.decorator.EurekaHttpClientDecorator.getApplications(EurekaHttpClientDecorator.java:134)
	at com.netflix.discovery.shared.transport.decorator.EurekaHttpClientDecorator$6.execute(EurekaHttpClientDecorator.java:137)
	at com.netflix.discovery.shared.transport.decorator.SessionedEurekaHttpClient.execute(SessionedEurekaHttpClient.java:77)
	at com.netflix.discovery.shared.transport.decorator.EurekaHttpClientDecorator.getApplications(EurekaHttpClientDecorator.java:134)
	at com.netflix.discovery.DiscoveryClient.getAndStoreFullRegistry(DiscoveryClient.java:1045)
	at com.netflix.discovery.DiscoveryClient.fetchRegistry(DiscoveryClient.java:958)
	at com.netflix.discovery.DiscoveryClient.<init>(DiscoveryClient.java:396)
	at com.netflix.discovery.DiscoveryClient.<init>(DiscoveryClient.java:247)
	at com.netflix.discovery.DiscoveryClient.<init>(DiscoveryClient.java:242)
	at org.springframework.cloud.netflix.eureka.CloudEurekaClient.<init>(CloudEurekaClient.java:68)
	at org.springframework.cloud.netflix.eureka.EurekaClientAutoConfiguration$RefreshableEurekaClientConfiguration.eurekaClient(EurekaClientAutoConfiguration.java:321)
	at java.base/jdk.internal.reflect.DirectMethodHandleAccessor.invoke(Unknown Source)
	at java.base/java.lang.reflect.Method.invoke(Unknown Source)
	at org.springframework.beans.factory.support.SimpleInstantiationStrategy.instantiate(SimpleInstantiationStrategy.java:140)
	at org.springframework.beans.factory.support.ConstructorResolver.instantiate(ConstructorResolver.java:644)
	at org.springframework.beans.factory.support.ConstructorResolver.instantiateUsingFactoryMethod(ConstructorResolver.java:636)
	at org.springframework.beans.factory.support.AbstractAutowireCapableBeanFactory.instantiateUsingFactoryMethod(AbstractAutowireCapableBeanFactory.java:1335)
	at org.springframework.beans.factory.support.AbstractAutowireCapableBeanFactory.createBeanInstance(AbstractAutowireCapableBeanFactory.java:1165)
	at org.springframework.beans.factory.support.AbstractAutowireCapableBeanFactory.doCreateBean(AbstractAutowireCapableBeanFactory.java:562)
	at org.springframework.beans.factory.support.AbstractAutowireCapableBeanFactory.createBean(AbstractAutowireCapableBeanFactory.java:522)
	at org.springframework.beans.factory.support.AbstractBeanFactory.lambda$doGetBean$1(AbstractBeanFactory.java:365)
	at org.springframework.cloud.context.scope.GenericScope$BeanLifecycleWrapper.getBean(GenericScope.java:375)
	at org.springframework.cloud.context.scope.GenericScope.get(GenericScope.java:179)
	at org.springframework.beans.factory.support.AbstractBeanFactory.doGetBean(AbstractBeanFactory.java:362)
	at org.springframework.beans.factory.support.AbstractBeanFactory.getBean(AbstractBeanFactory.java:200)
	at org.springframework.aop.target.SimpleBeanTargetSource.getTarget(SimpleBeanTargetSource.java:35)
	at org.springframework.cloud.netflix.eureka.serviceregistry.EurekaRegistration.getTargetObject(EurekaRegistration.java:128)
	at org.springframework.cloud.netflix.eureka.serviceregistry.EurekaRegistration.getEurekaClient(EurekaRegistration.java:116)
	at java.base/jdk.internal.reflect.DirectMethodHandleAccessor.invoke(Unknown Source)
	at java.base/java.lang.reflect.Method.invoke(Unknown Source)
	at org.springframework.util.ReflectionUtils.invokeMethod(ReflectionUtils.java:281)
	at org.springframework.cloud.context.scope.GenericScope$LockedScopedProxyFactoryBean.invoke(GenericScope.java:482)
	at org.springframework.aop.framework.ReflectiveMethodInvocation.proceed(ReflectiveMethodInvocation.java:184)
	at org.springframework.aop.framework.CglibAopProxy$CglibMethodInvocation.proceed(CglibAopProxy.java:768)
	at org.springframework.aop.framework.CglibAopProxy$DynamicAdvisedInterceptor.intercept(CglibAopProxy.java:720)
	at org.springframework.cloud.netflix.eureka.serviceregistry.EurekaRegistration$$SpringCGLIB$$0.getEurekaClient(<generated>)
	at org.springframework.cloud.netflix.eureka.serviceregistry.EurekaServiceRegistry.maybeInitializeClient(EurekaServiceRegistry.java:83)
	at org.springframework.cloud.netflix.eureka.serviceregistry.EurekaServiceRegistry.register(EurekaServiceRegistry.java:66)
	at org.springframework.cloud.netflix.eureka.serviceregistry.EurekaAutoServiceRegistration.start(EurekaAutoServiceRegistration.java:89)
	at org.springframework.context.support.DefaultLifecycleProcessor.doStart(DefaultLifecycleProcessor.java:288)
	at org.springframework.context.support.DefaultLifecycleProcessor$LifecycleGroup.start(DefaultLifecycleProcessor.java:471)
	at java.base/java.lang.Iterable.forEach(Unknown Source)
	at org.springframework.context.support.DefaultLifecycleProcessor.startBeans(DefaultLifecycleProcessor.java:260)
	at org.springframework.context.support.DefaultLifecycleProcessor.onRefresh(DefaultLifecycleProcessor.java:205)
	at org.springframework.context.support.AbstractApplicationContext.finishRefresh(AbstractApplicationContext.java:981)
	at org.springframework.context.support.AbstractApplicationContext.refresh(AbstractApplicationContext.java:627)
	at org.springframework.boot.SpringApplication.refresh(SpringApplication.java:754)
	at org.springframework.boot.SpringApplication.refreshContext(SpringApplication.java:456)
	at org.springframework.boot.SpringApplication.run(SpringApplication.java:334)
	at org.springframework.boot.test.context.SpringBootContextLoader.lambda$loadContext$3(SpringBootContextLoader.java:137)
	at org.springframework.util.function.ThrowingSupplier.get(ThrowingSupplier.java:58)
	at org.springframework.util.function.ThrowingSupplier.get(ThrowingSupplier.java:46)
	at org.springframework.boot.SpringApplication.withHook(SpringApplication.java:1454)
	at org.springframework.boot.test.context.SpringBootContextLoader$ContextLoaderHook.run(SpringBootContextLoader.java:553)
	at org.springframework.boot.test.context.SpringBootContextLoader.loadContext(SpringBootContextLoader.java:137)
	at org.springframework.boot.test.context.SpringBootContextLoader.loadContext(SpringBootContextLoader.java:108)
	at org.springframework.test.context.cache.DefaultCacheAwareContextLoaderDelegate.loadContextInternal(DefaultCacheAwareContextLoaderDelegate.java:225)
	at org.springframework.test.context.cache.DefaultCacheAwareContextLoaderDelegate.loadContext(DefaultCacheAwareContextLoaderDelegate.java:152)
	at org.springframework.test.context.support.DefaultTestContext.getApplicationContext(DefaultTestContext.java:130)
	at org.springframework.test.context.web.ServletTestExecutionListener.setUpRequestContextIfNecessary(ServletTestExecutionListener.java:191)
	at org.springframework.test.context.web.ServletTestExecutionListener.prepareTestInstance(ServletTestExecutionListener.java:130)
	at org.springframework.test.context.TestContextManager.prepareTestInstance(TestContextManager.java:260)
	at org.springframework.test.context.junit.jupiter.SpringExtension.postProcessTestInstance(SpringExtension.java:163)
	at org.junit.jupiter.engine.descriptor.ClassBasedTestDescriptor.lambda$invokeTestInstancePostProcessors$10(ClassBasedTestDescriptor.java:378)
	at org.junit.jupiter.engine.descriptor.ClassBasedTestDescriptor.executeAndMaskThrowable(ClassBasedTestDescriptor.java:383)
	at org.junit.jupiter.engine.descriptor.ClassBasedTestDescriptor.lambda$invokeTestInstancePostProcessors$11(ClassBasedTestDescriptor.java:378)
	at java.base/java.util.stream.ReferencePipeline$3$1.accept(Unknown Source)
	at java.base/java.util.stream.ReferencePipeline$2$1.accept(Unknown Source)
	at java.base/java.util.ArrayList$ArrayListSpliterator.forEachRemaining(Unknown Source)
	at java.base/java.util.stream.AbstractPipeline.copyInto(Unknown Source)
	at java.base/java.util.stream.AbstractPipeline.wrapAndCopyInto(Unknown Source)
	at java.base/java.util.stream.StreamSpliterators$WrappingSpliterator.forEachRemaining(Unknown Source)
	at java.base/java.util.stream.Streams$ConcatSpliterator.forEachRemaining(Unknown Source)
	at java.base/java.util.stream.Streams$ConcatSpliterator.forEachRemaining(Unknown Source)
	at java.base/java.util.stream.ReferencePipeline$Head.forEach(Unknown Source)
	at org.junit.jupiter.engine.descriptor.ClassBasedTestDescriptor.invokeTestInstancePostProcessors(ClassBasedTestDescriptor.java:377)
	at org.junit.jupiter.engine.descriptor.ClassBasedTestDescriptor.lambda$instantiateAndPostProcessTestInstance$6(ClassBasedTestDescriptor.java:290)
	at org.junit.platform.engine.support.hierarchical.ThrowableCollector.execute(ThrowableCollector.java:73)
	at org.junit.jupiter.engine.descriptor.ClassBasedTestDescriptor.instantiateAndPostProcessTestInstance(ClassBasedTestDescriptor.java:289)
	at org.junit.jupiter.engine.descriptor.ClassBasedTestDescriptor.lambda$testInstancesProvider$4(ClassBasedTestDescriptor.java:279)
	at java.base/java.util.Optional.orElseGet(Unknown Source)
	at org.junit.jupiter.engine.descriptor.ClassBasedTestDescriptor.lambda$testInstancesProvider$5(ClassBasedTestDescriptor.java:278)
	at org.junit.jupiter.engine.execution.TestInstancesProvider.getTestInstances(TestInstancesProvider.java:31)
	at org.junit.jupiter.engine.descriptor.TestMethodTestDescriptor.lambda$prepare$0(TestMethodTestDescriptor.java:106)
	at org.junit.platform.engine.support.hierarchical.ThrowableCollector.execute(ThrowableCollector.java:73)
	at org.junit.jupiter.engine.descriptor.TestMethodTestDescriptor.prepare(TestMethodTestDescriptor.java:105)
	at org.junit.jupiter.engine.descriptor.TestMethodTestDescriptor.prepare(TestMethodTestDescriptor.java:69)
	at org.junit.platform.engine.support.hierarchical.NodeTestTask.lambda$prepare$2(NodeTestTask.java:123)
	at org.junit.platform.engine.support.hierarchical.ThrowableCollector.execute(ThrowableCollector.java:73)
	at org.junit.platform.engine.support.hierarchical.NodeTestTask.prepare(NodeTestTask.java:123)
	at org.junit.platform.engine.support.hierarchical.NodeTestTask.execute(NodeTestTask.java:90)
	at java.base/java.util.ArrayList.forEach(Unknown Source)
	at org.junit.platform.engine.support.hierarchical.SameThreadHierarchicalTestExecutorService.invokeAll(SameThreadHierarchicalTestExecutorService.java:41)
	at org.junit.platform.engine.support.hierarchical.NodeTestTask.lambda$executeRecursively$6(NodeTestTask.java:155)
	at org.junit.platform.engine.support.hierarchical.ThrowableCollector.execute(ThrowableCollector.java:73)
	at org.junit.platform.engine.support.hierarchical.NodeTestTask.lambda$executeRecursively$8(NodeTestTask.java:141)
	at org.junit.platform.engine.support.hierarchical.Node.around(Node.java:137)
	at org.junit.platform.engine.support.hierarchical.NodeTestTask.lambda$executeRecursively$9(NodeTestTask.java:139)
	at org.junit.platform.engine.support.hierarchical.ThrowableCollector.execute(ThrowableCollector.java:73)
	at org.junit.platform.engine.support.hierarchical.NodeTestTask.executeRecursively(NodeTestTask.java:138)
	at org.junit.platform.engine.support.hierarchical.NodeTestTask.execute(NodeTestTask.java:95)
	at java.base/java.util.ArrayList.forEach(Unknown Source)
	at org.junit.platform.engine.support.hierarchical.SameThreadHierarchicalTestExecutorService.invokeAll(SameThreadHierarchicalTestExecutorService.java:41)
	at org.junit.platform.engine.support.hierarchical.NodeTestTask.lambda$executeRecursively$6(NodeTestTask.java:155)
	at org.junit.platform.engine.support.hierarchical.ThrowableCollector.execute(ThrowableCollector.java:73)
	at org.junit.platform.engine.support.hierarchical.NodeTestTask.lambda$executeRecursively$8(NodeTestTask.java:141)
	at org.junit.platform.engine.support.hierarchical.Node.around(Node.java:137)
	at org.junit.platform.engine.support.hierarchical.NodeTestTask.lambda$executeRecursively$9(NodeTestTask.java:139)
	at org.junit.platform.engine.support.hierarchical.ThrowableCollector.execute(ThrowableCollector.java:73)
	at org.junit.platform.engine.support.hierarchical.NodeTestTask.executeRecursively(NodeTestTask.java:138)
	at org.junit.platform.engine.support.hierarchical.NodeTestTask.execute(NodeTestTask.java:95)
	at org.junit.platform.engine.support.hierarchical.SameThreadHierarchicalTestExecutorService.submit(SameThreadHierarchicalTestExecutorService.java:35)
	at org.junit.platform.engine.support.hierarchical.HierarchicalTestExecutor.execute(HierarchicalTestExecutor.java:57)
	at org.junit.platform.engine.support.hierarchical.HierarchicalTestEngine.execute(HierarchicalTestEngine.java:54)
	at org.junit.platform.launcher.core.EngineExecutionOrchestrator.execute(EngineExecutionOrchestrator.java:198)
	at org.junit.platform.launcher.core.EngineExecutionOrchestrator.execute(EngineExecutionOrchestrator.java:169)
	at org.junit.platform.launcher.core.EngineExecutionOrchestrator.execute(EngineExecutionOrchestrator.java:93)
	at org.junit.platform.launcher.core.EngineExecutionOrchestrator.lambda$execute$0(EngineExecutionOrchestrator.java:58)
	at org.junit.platform.launcher.core.EngineExecutionOrchestrator.withInterceptedStreams(EngineExecutionOrchestrator.java:141)
	at org.junit.platform.launcher.core.EngineExecutionOrchestrator.execute(EngineExecutionOrchestrator.java:57)
	at org.junit.platform.launcher.core.DefaultLauncher.execute(DefaultLauncher.java:103)
	at org.junit.platform.launcher.core.DefaultLauncher.execute(DefaultLauncher.java:94)
	at org.junit.platform.launcher.core.DelegatingLauncher.execute(DelegatingLauncher.java:52)
	at org.junit.platform.launcher.core.SessionPerRequestLauncher.execute(SessionPerRequestLauncher.java:70)
	at org.eclipse.jdt.internal.junit5.runner.JUnit5TestReference.run(JUnit5TestReference.java:100)
	at org.eclipse.jdt.internal.junit.runner.TestExecution.run(TestExecution.java:40)
	at org.eclipse.jdt.internal.junit.runner.RemoteTestRunner.runTests(RemoteTestRunner.java:520)
	at org.eclipse.jdt.internal.junit.runner.RemoteTestRunner.runTests(RemoteTestRunner.java:748)
	at org.eclipse.jdt.internal.junit.runner.RemoteTestRunner.run(RemoteTestRunner.java:443)
	at org.eclipse.jdt.internal.junit.runner.RemoteTestRunner.main(RemoteTestRunner.java:211)

2026-06-24T19:12:56.612-04:00  INFO 15500 --- [ms-factorizacion] [main] com.netflix.discovery.DiscoveryClient    : Initial registry fetch from primary servers failed
2026-06-24T19:12:56.612-04:00  WARN 15500 --- [ms-factorizacion] [main] com.netflix.discovery.DiscoveryClient    : Using default backup registry implementation which does not do anything.
2026-06-24T19:12:56.612-04:00  INFO 15500 --- [ms-factorizacion] [main] com.netflix.discovery.DiscoveryClient    : Initial registry fetch from backup servers failed
2026-06-24T19:12:56.613-04:00  INFO 15500 --- [ms-factorizacion] [main] com.netflix.discovery.DiscoveryClient    : Starting heartbeat executor: renew interval is: 30
2026-06-24T19:12:56.614-04:00  INFO 15500 --- [ms-factorizacion] [main] c.n.discovery.InstanceInfoReplicator     : InstanceInfoReplicator onDemand update allowed rate per min is 4
2026-06-24T19:12:56.617-04:00  INFO 15500 --- [ms-factorizacion] [main] com.netflix.discovery.DiscoveryClient    : Discovery Client initialized at timestamp 1782342776617 with initial instances count: 0
2026-06-24T19:12:56.619-04:00  INFO 15500 --- [ms-factorizacion] [main] o.s.c.n.e.s.EurekaServiceRegistry        : Registering application MS-FACTORIZACION with eureka with status UP
2026-06-24T19:12:56.620-04:00  INFO 15500 --- [ms-factorizacion] [main] com.netflix.discovery.DiscoveryClient    : Saw local status change event StatusChangeEvent [timestamp=1782342776620, current=UP, previous=STARTING]
2026-06-24T19:12:56.620-04:00  INFO 15500 --- [ms-factorizacion] [DiscoveryClient-InstanceInfoReplicator-0] com.netflix.discovery.DiscoveryClient    : DiscoveryClient_MS-FACTORIZACION/localhost:ms-factorizacion:8085: registering service...
2026-06-24T19:12:56.630-04:00  INFO 15500 --- [ms-factorizacion] [main] c.e.m.MsFactorizacionApplicationTests    : Started MsFactorizacionApplicationTests in 4.998 seconds (process running for 22.065)
2026-06-24T19:12:56.661-04:00  INFO 15500 --- [ms-factorizacion] [DiscoveryClient-InstanceInfoReplicator-0] c.n.d.s.t.d.RedirectingEurekaHttpClient  : Request execution error. endpoint=DefaultEndpoint{ serviceUrl='http://localhost:8761/eureka/}, exception=I/O error on POST request for "http://localhost:8761/eureka/apps/MS-FACTORIZACION": Connect to http://localhost:8761 [localhost/127.0.0.1, localhost/0:0:0:0:0:0:0:1] failed: Connection refused: getsockopt stacktrace=org.springframework.web.client.ResourceAccessException: I/O error on POST request for "http://localhost:8761/eureka/apps/MS-FACTORIZACION": Connect to http://localhost:8761 [localhost/127.0.0.1, localhost/0:0:0:0:0:0:0:1] failed: Connection refused: getsockopt
	at org.springframework.web.client.RestTemplate.createResourceAccessException(RestTemplate.java:915)
	at org.springframework.web.client.RestTemplate.doExecute(RestTemplate.java:895)
	at org.springframework.web.client.RestTemplate.execute(RestTemplate.java:790)
	at org.springframework.web.client.RestTemplate.exchange(RestTemplate.java:672)
	at org.springframework.cloud.netflix.eureka.http.RestTemplateEurekaHttpClient.register(RestTemplateEurekaHttpClient.java:77)
	at com.netflix.discovery.shared.transport.decorator.EurekaHttpClientDecorator$1.execute(EurekaHttpClientDecorator.java:59)
	at com.netflix.discovery.shared.transport.decorator.RedirectingEurekaHttpClient.executeOnNewServer(RedirectingEurekaHttpClient.java:121)
	at com.netflix.discovery.shared.transport.decorator.RedirectingEurekaHttpClient.execute(RedirectingEurekaHttpClient.java:80)
	at com.netflix.discovery.shared.transport.decorator.EurekaHttpClientDecorator.register(EurekaHttpClientDecorator.java:56)
	at com.netflix.discovery.shared.transport.decorator.EurekaHttpClientDecorator$1.execute(EurekaHttpClientDecorator.java:59)
	at com.netflix.discovery.shared.transport.decorator.RetryableEurekaHttpClient.execute(RetryableEurekaHttpClient.java:120)
	at com.netflix.discovery.shared.transport.decorator.EurekaHttpClientDecorator.register(EurekaHttpClientDecorator.java:56)
	at com.netflix.discovery.shared.transport.decorator.EurekaHttpClientDecorator$1.execute(EurekaHttpClientDecorator.java:59)
	at com.netflix.discovery.shared.transport.decorator.SessionedEurekaHttpClient.execute(SessionedEurekaHttpClient.java:77)
	at com.netflix.discovery.shared.transport.decorator.EurekaHttpClientDecorator.register(EurekaHttpClientDecorator.java:56)
	at com.netflix.discovery.DiscoveryClient.register(DiscoveryClient.java:820)
	at com.netflix.discovery.InstanceInfoReplicator.run(InstanceInfoReplicator.java:121)
	at com.netflix.discovery.InstanceInfoReplicator$1.run(InstanceInfoReplicator.java:101)
	at java.base/java.util.concurrent.Executors$RunnableAdapter.call(Unknown Source)
	at java.base/java.util.concurrent.FutureTask.run(Unknown Source)
	at java.base/java.util.concurrent.ScheduledThreadPoolExecutor$ScheduledFutureTask.run(Unknown Source)
	at java.base/java.util.concurrent.ThreadPoolExecutor.runWorker(Unknown Source)
	at java.base/java.util.concurrent.ThreadPoolExecutor$Worker.run(Unknown Source)
	at java.base/java.lang.Thread.run(Unknown Source)
Caused by: org.apache.hc.client5.http.HttpHostConnectException: Connect to http://localhost:8761 [localhost/127.0.0.1, localhost/0:0:0:0:0:0:0:1] failed: Connection refused: getsockopt
	at java.base/sun.nio.ch.Net.pollConnect(Native Method)
	at java.base/sun.nio.ch.Net.pollConnectNow(Unknown Source)
	at java.base/sun.nio.ch.NioSocketImpl.timedFinishConnect(Unknown Source)
	at java.base/sun.nio.ch.NioSocketImpl.connect(Unknown Source)
	at java.base/java.net.SocksSocketImpl.connect(Unknown Source)
	at java.base/java.net.Socket.connect(Unknown Source)
	at org.apache.hc.client5.http.socket.PlainConnectionSocketFactory.lambda$connectSocket$0(PlainConnectionSocketFactory.java:91)
	at java.base/java.security.AccessController.doPrivileged(Unknown Source)
	at org.apache.hc.client5.http.socket.PlainConnectionSocketFactory.connectSocket(PlainConnectionSocketFactory.java:90)
	at org.apache.hc.client5.http.socket.ConnectionSocketFactory.connectSocket(ConnectionSocketFactory.java:123)
	at org.apache.hc.client5.http.impl.io.DefaultHttpClientConnectionOperator.connect(DefaultHttpClientConnectionOperator.java:184)
	at org.apache.hc.client5.http.impl.io.PoolingHttpClientConnectionManager.connect(PoolingHttpClientConnectionManager.java:447)
	at org.apache.hc.client5.http.impl.classic.InternalExecRuntime.connectEndpoint(InternalExecRuntime.java:162)
	at org.apache.hc.client5.http.impl.classic.InternalExecRuntime.connectEndpoint(InternalExecRuntime.java:172)
	at org.apache.hc.client5.http.impl.classic.ConnectExec.execute(ConnectExec.java:142)
	at org.apache.hc.client5.http.impl.classic.ExecChainElement.execute(ExecChainElement.java:51)
	at org.apache.hc.client5.http.impl.classic.ProtocolExec.execute(ProtocolExec.java:192)
	at org.apache.hc.client5.http.impl.classic.ExecChainElement.execute(ExecChainElement.java:51)
	at org.apache.hc.client5.http.impl.classic.HttpRequestRetryExec.execute(HttpRequestRetryExec.java:96)
	at org.apache.hc.client5.http.impl.classic.ExecChainElement.execute(ExecChainElement.java:51)
	at org.apache.hc.client5.http.impl.classic.ContentCompressionExec.execute(ContentCompressionExec.java:152)
	at org.apache.hc.client5.http.impl.classic.ExecChainElement.execute(ExecChainElement.java:51)
	at org.apache.hc.client5.http.impl.classic.RedirectExec.execute(RedirectExec.java:115)
	at org.apache.hc.client5.http.impl.classic.ExecChainElement.execute(ExecChainElement.java:51)
	at org.apache.hc.client5.http.impl.classic.InternalHttpClient.doExecute(InternalHttpClient.java:170)
	at org.apache.hc.client5.http.impl.classic.CloseableHttpClient.execute(CloseableHttpClient.java:87)
	at org.apache.hc.client5.http.impl.classic.CloseableHttpClient.execute(CloseableHttpClient.java:55)
	at org.apache.hc.client5.http.classic.HttpClient.executeOpen(HttpClient.java:183)
	at org.springframework.http.client.HttpComponentsClientHttpRequest.executeInternal(HttpComponentsClientHttpRequest.java:95)
	at org.springframework.http.client.AbstractStreamingClientHttpRequest.executeInternal(AbstractStreamingClientHttpRequest.java:70)
	at org.springframework.http.client.AbstractClientHttpRequest.execute(AbstractClientHttpRequest.java:66)
	at org.springframework.http.client.InterceptingClientHttpRequest$InterceptingRequestExecution.execute(InterceptingClientHttpRequest.java:112)
	at org.springframework.cloud.netflix.eureka.http.RestTemplateTransportClientFactory.lambda$restTemplate$0(RestTemplateTransportClientFactory.java:143)
	at org.springframework.http.client.InterceptingClientHttpRequest$InterceptingRequestExecution.execute(InterceptingClientHttpRequest.java:88)
	at org.springframework.http.client.InterceptingClientHttpRequest.executeInternal(InterceptingClientHttpRequest.java:72)
	at org.springframework.http.client.AbstractBufferingClientHttpRequest.executeInternal(AbstractBufferingClientHttpRequest.java:48)
	at org.springframework.http.client.AbstractClientHttpRequest.execute(AbstractClientHttpRequest.java:66)
	at org.springframework.web.client.RestTemplate.doExecute(RestTemplate.java:889)
	... 22 more

2026-06-24T19:12:56.661-04:00  WARN 15500 --- [ms-factorizacion] [DiscoveryClient-InstanceInfoReplicator-0] c.n.d.s.t.d.RetryableEurekaHttpClient    : Request execution failed with message: I/O error on POST request for "http://localhost:8761/eureka/apps/MS-FACTORIZACION": Connect to http://localhost:8761 [localhost/127.0.0.1, localhost/0:0:0:0:0:0:0:1] failed: Connection refused: getsockopt
2026-06-24T19:12:56.661-04:00  WARN 15500 --- [ms-factorizacion] [DiscoveryClient-InstanceInfoReplicator-0] com.netflix.discovery.DiscoveryClient    : DiscoveryClient_MS-FACTORIZACION/localhost:ms-factorizacion:8085 - registration failed Cannot execute request on any known server

com.netflix.discovery.shared.transport.TransportException: Cannot execute request on any known server
	at com.netflix.discovery.shared.transport.decorator.RetryableEurekaHttpClient.execute(RetryableEurekaHttpClient.java:112) ~[eureka-client-2.0.2.jar:2.0.2]
	at com.netflix.discovery.shared.transport.decorator.EurekaHttpClientDecorator.register(EurekaHttpClientDecorator.java:56) ~[eureka-client-2.0.2.jar:2.0.2]
	at com.netflix.discovery.shared.transport.decorator.EurekaHttpClientDecorator$1.execute(EurekaHttpClientDecorator.java:59) ~[eureka-client-2.0.2.jar:2.0.2]
	at com.netflix.discovery.shared.transport.decorator.SessionedEurekaHttpClient.execute(SessionedEurekaHttpClient.java:77) ~[eureka-client-2.0.2.jar:2.0.2]
	at com.netflix.discovery.shared.transport.decorator.EurekaHttpClientDecorator.register(EurekaHttpClientDecorator.java:56) ~[eureka-client-2.0.2.jar:2.0.2]
	at com.netflix.discovery.DiscoveryClient.register(DiscoveryClient.java:820) ~[eureka-client-2.0.2.jar:2.0.2]
	at com.netflix.discovery.InstanceInfoReplicator.run(InstanceInfoReplicator.java:121) ~[eureka-client-2.0.2.jar:2.0.2]
	at com.netflix.discovery.InstanceInfoReplicator$1.run(InstanceInfoReplicator.java:101) ~[eureka-client-2.0.2.jar:2.0.2]
	at java.base/java.util.concurrent.Executors$RunnableAdapter.call(Unknown Source) ~[na:na]
	at java.base/java.util.concurrent.FutureTask.run(Unknown Source) ~[na:na]
	at java.base/java.util.concurrent.ScheduledThreadPoolExecutor$ScheduledFutureTask.run(Unknown Source) ~[na:na]
	at java.base/java.util.concurrent.ThreadPoolExecutor.runWorker(Unknown Source) ~[na:na]
	at java.base/java.util.concurrent.ThreadPoolExecutor$Worker.run(Unknown Source) ~[na:na]
	at java.base/java.lang.Thread.run(Unknown Source) ~[na:na]

2026-06-24T19:12:56.663-04:00  WARN 15500 --- [ms-factorizacion] [DiscoveryClient-InstanceInfoReplicator-0] c.n.discovery.InstanceInfoReplicator     : There was a problem with the instance info replicator

com.netflix.discovery.shared.transport.TransportException: Cannot execute request on any known server
	at com.netflix.discovery.shared.transport.decorator.RetryableEurekaHttpClient.execute(RetryableEurekaHttpClient.java:112) ~[eureka-client-2.0.2.jar:2.0.2]
	at com.netflix.discovery.shared.transport.decorator.EurekaHttpClientDecorator.register(EurekaHttpClientDecorator.java:56) ~[eureka-client-2.0.2.jar:2.0.2]
	at com.netflix.discovery.shared.transport.decorator.EurekaHttpClientDecorator$1.execute(EurekaHttpClientDecorator.java:59) ~[eureka-client-2.0.2.jar:2.0.2]
	at com.netflix.discovery.shared.transport.decorator.SessionedEurekaHttpClient.execute(SessionedEurekaHttpClient.java:77) ~[eureka-client-2.0.2.jar:2.0.2]
	at com.netflix.discovery.shared.transport.decorator.EurekaHttpClientDecorator.register(EurekaHttpClientDecorator.java:56) ~[eureka-client-2.0.2.jar:2.0.2]
	at com.netflix.discovery.DiscoveryClient.register(DiscoveryClient.java:820) ~[eureka-client-2.0.2.jar:2.0.2]
	at com.netflix.discovery.InstanceInfoReplicator.run(InstanceInfoReplicator.java:121) ~[eureka-client-2.0.2.jar:2.0.2]
	at com.netflix.discovery.InstanceInfoReplicator$1.run(InstanceInfoReplicator.java:101) ~[eureka-client-2.0.2.jar:2.0.2]
	at java.base/java.util.concurrent.Executors$RunnableAdapter.call(Unknown Source) ~[na:na]
	at java.base/java.util.concurrent.FutureTask.run(Unknown Source) ~[na:na]
	at java.base/java.util.concurrent.ScheduledThreadPoolExecutor$ScheduledFutureTask.run(Unknown Source) ~[na:na]
	at java.base/java.util.concurrent.ThreadPoolExecutor.runWorker(Unknown Source) ~[na:na]
	at java.base/java.util.concurrent.ThreadPoolExecutor$Worker.run(Unknown Source) ~[na:na]
	at java.base/java.lang.Thread.run(Unknown Source) ~[na:na]

2026-06-24T19:12:56.993-04:00 DEBUG 15500 --- [ms-factorizacion] [main] org.hibernate.SQL                        : select count(*) from factorizacion f1_0
2026-06-24T19:12:57.030-04:00 DEBUG 15500 --- [ms-factorizacion] [main] org.hibernate.SQL                        : insert into factorizacion (fecha_factura,metodo_pago,pago_id,total) values (?,?,?,?)
2026-06-24T19:12:57.052-04:00 DEBUG 15500 --- [ms-factorizacion] [main] org.hibernate.SQL                        : insert into factorizacion (fecha_factura,metodo_pago,pago_id,total) values (?,?,?,?)
2026-06-24T19:12:57.058-04:00 DEBUG 15500 --- [ms-factorizacion] [main] org.hibernate.SQL                        : insert into factorizacion (fecha_factura,metodo_pago,pago_id,total) values (?,?,?,?)
2026-06-24T19:12:57.069-04:00 DEBUG 15500 --- [ms-factorizacion] [main] org.hibernate.SQL                        : insert into factorizacion (fecha_factura,metodo_pago,pago_id,total) values (?,?,?,?)
2026-06-24T19:12:57.074-04:00 DEBUG 15500 --- [ms-factorizacion] [main] org.hibernate.SQL                        : insert into factorizacion (fecha_factura,metodo_pago,pago_id,total) values (?,?,?,?)
2026-06-24T19:12:57.078-04:00 DEBUG 15500 --- [ms-factorizacion] [main] org.hibernate.SQL                        : insert into factorizacion (fecha_factura,metodo_pago,pago_id,total) values (?,?,?,?)
2026-06-24T19:12:57.084-04:00 DEBUG 15500 --- [ms-factorizacion] [main] org.hibernate.SQL                        : insert into factorizacion (fecha_factura,metodo_pago,pago_id,total) values (?,?,?,?)
2026-06-24T19:12:57.087-04:00 DEBUG 15500 --- [ms-factorizacion] [main] org.hibernate.SQL                        : insert into factorizacion (fecha_factura,metodo_pago,pago_id,total) values (?,?,?,?)
2026-06-24T19:12:57.093-04:00 DEBUG 15500 --- [ms-factorizacion] [main] org.hibernate.SQL                        : insert into factorizacion (fecha_factura,metodo_pago,pago_id,total) values (?,?,?,?)
2026-06-24T19:12:57.096-04:00 DEBUG 15500 --- [ms-factorizacion] [main] org.hibernate.SQL                        : insert into factorizacion (fecha_factura,metodo_pago,pago_id,total) values (?,?,?,?)
2026-06-24T19:12:57.100-04:00 DEBUG 15500 --- [ms-factorizacion] [main] org.hibernate.SQL                        : insert into factorizacion (fecha_factura,metodo_pago,pago_id,total) values (?,?,?,?)
2026-06-24T19:12:57.103-04:00 DEBUG 15500 --- [ms-factorizacion] [main] org.hibernate.SQL                        : insert into factorizacion (fecha_factura,metodo_pago,pago_id,total) values (?,?,?,?)
2026-06-24T19:12:57.106-04:00 DEBUG 15500 --- [ms-factorizacion] [main] org.hibernate.SQL                        : insert into factorizacion (fecha_factura,metodo_pago,pago_id,total) values (?,?,?,?)
2026-06-24T19:12:57.111-04:00 DEBUG 15500 --- [ms-factorizacion] [main] org.hibernate.SQL                        : insert into factorizacion (fecha_factura,metodo_pago,pago_id,total) values (?,?,?,?)
2026-06-24T19:12:57.115-04:00 DEBUG 15500 --- [ms-factorizacion] [main] org.hibernate.SQL                        : insert into factorizacion (fecha_factura,metodo_pago,pago_id,total) values (?,?,?,?)
2026-06-24T19:12:57.139-04:00 DEBUG 15500 --- [ms-factorizacion] [main] org.hibernate.SQL                        : select f1_0.id,f1_0.fecha_factura,f1_0.metodo_pago,f1_0.pago_id,f1_0.total from factorizacion f1_0
2026-06-24T19:12:57.153-04:00  INFO 15500 --- [ms-factorizacion] [SpringApplicationShutdownHook] o.s.c.n.e.s.EurekaServiceRegistry        : Unregistering application MS-FACTORIZACION with eureka with status DOWN
2026-06-24T19:12:57.153-04:00  INFO 15500 --- [ms-factorizacion] [SpringApplicationShutdownHook] com.netflix.discovery.DiscoveryClient    : Saw local status change event StatusChangeEvent [timestamp=1782342777153, current=DOWN, previous=UP]
2026-06-24T19:12:57.153-04:00  INFO 15500 --- [ms-factorizacion] [DiscoveryClient-InstanceInfoReplicator-0] com.netflix.discovery.DiscoveryClient    : DiscoveryClient_MS-FACTORIZACION/localhost:ms-factorizacion:8085: registering service...
2026-06-24T19:12:57.157-04:00  INFO 15500 --- [ms-factorizacion] [SpringApplicationShutdownHook] j.LocalContainerEntityManagerFactoryBean : Closing JPA EntityManagerFactory for persistence unit 'default'
2026-06-24T19:12:57.158-04:00 DEBUG 15500 --- [ms-factorizacion] [SpringApplicationShutdownHook] org.hibernate.SQL                        : 
    drop table if exists factorizacion
2026-06-24T19:12:57.162-04:00  INFO 15500 --- [ms-factorizacion] [DiscoveryClient-InstanceInfoReplicator-0] c.n.d.s.t.d.RedirectingEurekaHttpClient  : Request execution error. endpoint=DefaultEndpoint{ serviceUrl='http://localhost:8761/eureka/}, exception=Connection pool shut down stacktrace=java.lang.IllegalStateException: Connection pool shut down
	at org.apache.hc.core5.util.Asserts.check(Asserts.java:38)
	at org.apache.hc.core5.pool.StrictConnPool.lease(StrictConnPool.java:176)
	at org.apache.hc.client5.http.impl.io.PoolingHttpClientConnectionManager.lease(PoolingHttpClientConnectionManager.java:298)
	at org.apache.hc.client5.http.impl.classic.InternalExecRuntime.acquireEndpoint(InternalExecRuntime.java:103)
	at org.apache.hc.client5.http.impl.classic.ConnectExec.execute(ConnectExec.java:125)
	at org.apache.hc.client5.http.impl.classic.ExecChainElement.execute(ExecChainElement.java:51)
	at org.apache.hc.client5.http.impl.classic.ProtocolExec.execute(ProtocolExec.java:192)
	at org.apache.hc.client5.http.impl.classic.ExecChainElement.execute(ExecChainElement.java:51)
	at org.apache.hc.client5.http.impl.classic.HttpRequestRetryExec.execute(HttpRequestRetryExec.java:96)
	at org.apache.hc.client5.http.impl.classic.ExecChainElement.execute(ExecChainElement.java:51)
	at org.apache.hc.client5.http.impl.classic.ContentCompressionExec.execute(ContentCompressionExec.java:152)
	at org.apache.hc.client5.http.impl.classic.ExecChainElement.execute(ExecChainElement.java:51)
	at org.apache.hc.client5.http.impl.classic.RedirectExec.execute(RedirectExec.java:115)
	at org.apache.hc.client5.http.impl.classic.ExecChainElement.execute(ExecChainElement.java:51)
	at org.apache.hc.client5.http.impl.classic.InternalHttpClient.doExecute(InternalHttpClient.java:170)
	at org.apache.hc.client5.http.impl.classic.CloseableHttpClient.execute(CloseableHttpClient.java:87)
	at org.apache.hc.client5.http.impl.classic.CloseableHttpClient.execute(CloseableHttpClient.java:55)
	at org.apache.hc.client5.http.classic.HttpClient.executeOpen(HttpClient.java:183)
	at org.springframework.http.client.HttpComponentsClientHttpRequest.executeInternal(HttpComponentsClientHttpRequest.java:95)
	at org.springframework.http.client.AbstractStreamingClientHttpRequest.executeInternal(AbstractStreamingClientHttpRequest.java:70)
	at org.springframework.http.client.AbstractClientHttpRequest.execute(AbstractClientHttpRequest.java:66)
	at org.springframework.http.client.InterceptingClientHttpRequest$InterceptingRequestExecution.execute(InterceptingClientHttpRequest.java:112)
	at org.springframework.cloud.netflix.eureka.http.RestTemplateTransportClientFactory.lambda$restTemplate$0(RestTemplateTransportClientFactory.java:143)
	at org.springframework.http.client.InterceptingClientHttpRequest$InterceptingRequestExecution.execute(InterceptingClientHttpRequest.java:88)
	at org.springframework.http.client.InterceptingClientHttpRequest.executeInternal(InterceptingClientHttpRequest.java:72)
	at org.springframework.http.client.AbstractBufferingClientHttpRequest.executeInternal(AbstractBufferingClientHttpRequest.java:48)
	at org.springframework.http.client.AbstractClientHttpRequest.execute(AbstractClientHttpRequest.java:66)
	at org.springframework.web.client.RestTemplate.doExecute(RestTemplate.java:889)
	at org.springframework.web.client.RestTemplate.execute(RestTemplate.java:790)
	at org.springframework.web.client.RestTemplate.exchange(RestTemplate.java:672)
	at org.springframework.cloud.netflix.eureka.http.RestTemplateEurekaHttpClient.register(RestTemplateEurekaHttpClient.java:77)
	at com.netflix.discovery.shared.transport.decorator.EurekaHttpClientDecorator$1.execute(EurekaHttpClientDecorator.java:59)
	at com.netflix.discovery.shared.transport.decorator.RedirectingEurekaHttpClient.executeOnNewServer(RedirectingEurekaHttpClient.java:121)
	at com.netflix.discovery.shared.transport.decorator.RedirectingEurekaHttpClient.execute(RedirectingEurekaHttpClient.java:80)
	at com.netflix.discovery.shared.transport.decorator.EurekaHttpClientDecorator.register(EurekaHttpClientDecorator.java:56)
	at com.netflix.discovery.shared.transport.decorator.EurekaHttpClientDecorator$1.execute(EurekaHttpClientDecorator.java:59)
	at com.netflix.discovery.shared.transport.decorator.RetryableEurekaHttpClient.execute(RetryableEurekaHttpClient.java:120)
	at com.netflix.discovery.shared.transport.decorator.EurekaHttpClientDecorator.register(EurekaHttpClientDecorator.java:56)
	at com.netflix.discovery.shared.transport.decorator.EurekaHttpClientDecorator$1.execute(EurekaHttpClientDecorator.java:59)
	at com.netflix.discovery.shared.transport.decorator.SessionedEurekaHttpClient.execute(SessionedEurekaHttpClient.java:77)
	at com.netflix.discovery.shared.transport.decorator.EurekaHttpClientDecorator.register(EurekaHttpClientDecorator.java:56)
	at com.netflix.discovery.DiscoveryClient.register(DiscoveryClient.java:820)
	at com.netflix.discovery.InstanceInfoReplicator.run(InstanceInfoReplicator.java:121)
	at com.netflix.discovery.InstanceInfoReplicator$1.run(InstanceInfoReplicator.java:101)
	at java.base/java.util.concurrent.Executors$RunnableAdapter.call(Unknown Source)
	at java.base/java.util.concurrent.FutureTask.run(Unknown Source)
	at java.base/java.util.concurrent.ScheduledThreadPoolExecutor$ScheduledFutureTask.run(Unknown Source)
	at java.base/java.util.concurrent.ThreadPoolExecutor.runWorker(Unknown Source)
	at java.base/java.util.concurrent.ThreadPoolExecutor$Worker.run(Unknown Source)
	at java.base/java.lang.Thread.run(Unknown Source)

2026-06-24T19:12:57.162-04:00  WARN 15500 --- [ms-factorizacion] [DiscoveryClient-InstanceInfoReplicator-0] c.n.d.s.t.d.RetryableEurekaHttpClient    : Request execution failed with message: Connection pool shut down
2026-06-24T19:12:57.162-04:00  WARN 15500 --- [ms-factorizacion] [DiscoveryClient-InstanceInfoReplicator-0] com.netflix.discovery.DiscoveryClient    : DiscoveryClient_MS-FACTORIZACION/localhost:ms-factorizacion:8085 - registration failed Cannot execute request on any known server

com.netflix.discovery.shared.transport.TransportException: Cannot execute request on any known server
	at com.netflix.discovery.shared.transport.decorator.RetryableEurekaHttpClient.execute(RetryableEurekaHttpClient.java:112) ~[eureka-client-2.0.2.jar:2.0.2]
	at com.netflix.discovery.shared.transport.decorator.EurekaHttpClientDecorator.register(EurekaHttpClientDecorator.java:56) ~[eureka-client-2.0.2.jar:2.0.2]
	at com.netflix.discovery.shared.transport.decorator.EurekaHttpClientDecorator$1.execute(EurekaHttpClientDecorator.java:59) ~[eureka-client-2.0.2.jar:2.0.2]
	at com.netflix.discovery.shared.transport.decorator.SessionedEurekaHttpClient.execute(SessionedEurekaHttpClient.java:77) ~[eureka-client-2.0.2.jar:2.0.2]
	at com.netflix.discovery.shared.transport.decorator.EurekaHttpClientDecorator.register(EurekaHttpClientDecorator.java:56) ~[eureka-client-2.0.2.jar:2.0.2]
	at com.netflix.discovery.DiscoveryClient.register(DiscoveryClient.java:820) ~[eureka-client-2.0.2.jar:2.0.2]
	at com.netflix.discovery.InstanceInfoReplicator.run(InstanceInfoReplicator.java:121) ~[eureka-client-2.0.2.jar:2.0.2]
	at com.netflix.discovery.InstanceInfoReplicator$1.run(InstanceInfoReplicator.java:101) ~[eureka-client-2.0.2.jar:2.0.2]
	at java.base/java.util.concurrent.Executors$RunnableAdapter.call(Unknown Source) ~[na:na]
	at java.base/java.util.concurrent.FutureTask.run(Unknown Source) ~[na:na]
	at java.base/java.util.concurrent.ScheduledThreadPoolExecutor$ScheduledFutureTask.run(Unknown Source) ~[na:na]
	at java.base/java.util.concurrent.ThreadPoolExecutor.runWorker(Unknown Source) ~[na:na]
	at java.base/java.util.concurrent.ThreadPoolExecutor$Worker.run(Unknown Source) ~[na:na]
	at java.base/java.lang.Thread.run(Unknown Source) ~[na:na]

2026-06-24T19:12:57.162-04:00  WARN 15500 --- [ms-factorizacion] [DiscoveryClient-InstanceInfoReplicator-0] c.n.discovery.InstanceInfoReplicator     : There was a problem with the instance info replicator

com.netflix.discovery.shared.transport.TransportException: Cannot execute request on any known server
	at com.netflix.discovery.shared.transport.decorator.RetryableEurekaHttpClient.execute(RetryableEurekaHttpClient.java:112) ~[eureka-client-2.0.2.jar:2.0.2]
	at com.netflix.discovery.shared.transport.decorator.EurekaHttpClientDecorator.register(EurekaHttpClientDecorator.java:56) ~[eureka-client-2.0.2.jar:2.0.2]
	at com.netflix.discovery.shared.transport.decorator.EurekaHttpClientDecorator$1.execute(EurekaHttpClientDecorator.java:59) ~[eureka-client-2.0.2.jar:2.0.2]
	at com.netflix.discovery.shared.transport.decorator.SessionedEurekaHttpClient.execute(SessionedEurekaHttpClient.java:77) ~[eureka-client-2.0.2.jar:2.0.2]
	at com.netflix.discovery.shared.transport.decorator.EurekaHttpClientDecorator.register(EurekaHttpClientDecorator.java:56) ~[eureka-client-2.0.2.jar:2.0.2]
	at com.netflix.discovery.DiscoveryClient.register(DiscoveryClient.java:820) ~[eureka-client-2.0.2.jar:2.0.2]
	at com.netflix.discovery.InstanceInfoReplicator.run(InstanceInfoReplicator.java:121) ~[eureka-client-2.0.2.jar:2.0.2]
	at com.netflix.discovery.InstanceInfoReplicator$1.run(InstanceInfoReplicator.java:101) ~[eureka-client-2.0.2.jar:2.0.2]
	at java.base/java.util.concurrent.Executors$RunnableAdapter.call(Unknown Source) ~[na:na]
	at java.base/java.util.concurrent.FutureTask.run(Unknown Source) ~[na:na]
	at java.base/java.util.concurrent.ScheduledThreadPoolExecutor$ScheduledFutureTask.run(Unknown Source) ~[na:na]
	at java.base/java.util.concurrent.ThreadPoolExecutor.runWorker(Unknown Source) ~[na:na]
	at java.base/java.util.concurrent.ThreadPoolExecutor$Worker.run(Unknown Source) ~[na:na]
	at java.base/java.lang.Thread.run(Unknown Source) ~[na:na]

2026-06-24T19:12:57.173-04:00  INFO 15500 --- [ms-factorizacion] [SpringApplicationShutdownHook] com.zaxxer.hikari.HikariDataSource       : HikariPool-1 - Shutdown initiated...
2026-06-24T19:12:57.183-04:00  INFO 15500 --- [ms-factorizacion] [SpringApplicationShutdownHook] com.zaxxer.hikari.HikariDataSource       : HikariPool-1 - Shutdown completed.
2026-06-24T19:12:57.183-04:00  INFO 15500 --- [ms-factorizacion] [SpringApplicationShutdownHook] com.netflix.discovery.DiscoveryClient    : Shutting down DiscoveryClient ...
2026-06-24T19:13:00.194-04:00  INFO 15500 --- [ms-factorizacion] [SpringApplicationShutdownHook] com.netflix.discovery.DiscoveryClient    : Unregistering ...
2026-06-24T19:13:00.203-04:00  INFO 15500 --- [ms-factorizacion] [SpringApplicationShutdownHook] c.n.d.s.t.d.RedirectingEurekaHttpClient  : Request execution error. endpoint=DefaultEndpoint{ serviceUrl='http://localhost:8761/eureka/}, exception=Connection pool shut down stacktrace=java.lang.IllegalStateException: Connection pool shut down
	at org.apache.hc.core5.util.Asserts.check(Asserts.java:38)
	at org.apache.hc.core5.pool.StrictConnPool.lease(StrictConnPool.java:176)
	at org.apache.hc.client5.http.impl.io.PoolingHttpClientConnectionManager.lease(PoolingHttpClientConnectionManager.java:298)
	at org.apache.hc.client5.http.impl.classic.InternalExecRuntime.acquireEndpoint(InternalExecRuntime.java:103)
	at org.apache.hc.client5.http.impl.classic.ConnectExec.execute(ConnectExec.java:125)
	at org.apache.hc.client5.http.impl.classic.ExecChainElement.execute(ExecChainElement.java:51)
	at org.apache.hc.client5.http.impl.classic.ProtocolExec.execute(ProtocolExec.java:192)
	at org.apache.hc.client5.http.impl.classic.ExecChainElement.execute(ExecChainElement.java:51)
	at org.apache.hc.client5.http.impl.classic.HttpRequestRetryExec.execute(HttpRequestRetryExec.java:96)
	at org.apache.hc.client5.http.impl.classic.ExecChainElement.execute(ExecChainElement.java:51)
	at org.apache.hc.client5.http.impl.classic.ContentCompressionExec.execute(ContentCompressionExec.java:152)
	at org.apache.hc.client5.http.impl.classic.ExecChainElement.execute(ExecChainElement.java:51)
	at org.apache.hc.client5.http.impl.classic.RedirectExec.execute(RedirectExec.java:115)
	at org.apache.hc.client5.http.impl.classic.ExecChainElement.execute(ExecChainElement.java:51)
	at org.apache.hc.client5.http.impl.classic.InternalHttpClient.doExecute(InternalHttpClient.java:170)
	at org.apache.hc.client5.http.impl.classic.CloseableHttpClient.execute(CloseableHttpClient.java:87)
	at org.apache.hc.client5.http.impl.classic.CloseableHttpClient.execute(CloseableHttpClient.java:55)
	at org.apache.hc.client5.http.classic.HttpClient.executeOpen(HttpClient.java:183)
	at org.springframework.http.client.HttpComponentsClientHttpRequest.executeInternal(HttpComponentsClientHttpRequest.java:95)
	at org.springframework.http.client.AbstractStreamingClientHttpRequest.executeInternal(AbstractStreamingClientHttpRequest.java:70)
	at org.springframework.http.client.AbstractClientHttpRequest.execute(AbstractClientHttpRequest.java:66)
	at org.springframework.http.client.InterceptingClientHttpRequest$InterceptingRequestExecution.execute(InterceptingClientHttpRequest.java:112)
	at org.springframework.cloud.netflix.eureka.http.RestTemplateTransportClientFactory.lambda$restTemplate$0(RestTemplateTransportClientFactory.java:143)
	at org.springframework.http.client.InterceptingClientHttpRequest$InterceptingRequestExecution.execute(InterceptingClientHttpRequest.java:88)
	at org.springframework.http.client.InterceptingClientHttpRequest.executeInternal(InterceptingClientHttpRequest.java:72)
	at org.springframework.http.client.AbstractBufferingClientHttpRequest.executeInternal(AbstractBufferingClientHttpRequest.java:48)
	at org.springframework.http.client.AbstractClientHttpRequest.execute(AbstractClientHttpRequest.java:66)
	at org.springframework.web.client.RestTemplate.doExecute(RestTemplate.java:889)
	at org.springframework.web.client.RestTemplate.execute(RestTemplate.java:790)
	at org.springframework.web.client.RestTemplate.exchange(RestTemplate.java:672)
	at org.springframework.cloud.netflix.eureka.http.RestTemplateEurekaHttpClient.cancel(RestTemplateEurekaHttpClient.java:87)
	at com.netflix.discovery.shared.transport.decorator.EurekaHttpClientDecorator$2.execute(EurekaHttpClientDecorator.java:74)
	at com.netflix.discovery.shared.transport.decorator.RedirectingEurekaHttpClient.executeOnNewServer(RedirectingEurekaHttpClient.java:121)
	at com.netflix.discovery.shared.transport.decorator.RedirectingEurekaHttpClient.execute(RedirectingEurekaHttpClient.java:80)
	at com.netflix.discovery.shared.transport.decorator.EurekaHttpClientDecorator.cancel(EurekaHttpClientDecorator.java:71)
	at com.netflix.discovery.shared.transport.decorator.EurekaHttpClientDecorator$2.execute(EurekaHttpClientDecorator.java:74)
	at com.netflix.discovery.shared.transport.decorator.RetryableEurekaHttpClient.execute(RetryableEurekaHttpClient.java:120)
	at com.netflix.discovery.shared.transport.decorator.EurekaHttpClientDecorator.cancel(EurekaHttpClientDecorator.java:71)
	at com.netflix.discovery.shared.transport.decorator.EurekaHttpClientDecorator$2.execute(EurekaHttpClientDecorator.java:74)
	at com.netflix.discovery.shared.transport.decorator.SessionedEurekaHttpClient.execute(SessionedEurekaHttpClient.java:77)
	at com.netflix.discovery.shared.transport.decorator.EurekaHttpClientDecorator.cancel(EurekaHttpClientDecorator.java:71)
	at com.netflix.discovery.DiscoveryClient.unregister(DiscoveryClient.java:916)
	at com.netflix.discovery.DiscoveryClient.shutdown(DiscoveryClient.java:892)
	at java.base/jdk.internal.reflect.DirectMethodHandleAccessor.invoke(Unknown Source)
	at java.base/java.lang.reflect.Method.invoke(Unknown Source)
	at org.springframework.beans.factory.annotation.InitDestroyAnnotationBeanPostProcessor$LifecycleMethod.invoke(InitDestroyAnnotationBeanPostProcessor.java:457)
	at org.springframework.beans.factory.annotation.InitDestroyAnnotationBeanPostProcessor$LifecycleMetadata.invokeDestroyMethods(InitDestroyAnnotationBeanPostProcessor.java:415)
	at org.springframework.beans.factory.annotation.InitDestroyAnnotationBeanPostProcessor.postProcessBeforeDestruction(InitDestroyAnnotationBeanPostProcessor.java:239)
	at org.springframework.beans.factory.support.DisposableBeanAdapter.destroy(DisposableBeanAdapter.java:202)
	at org.springframework.beans.factory.support.DisposableBeanAdapter.run(DisposableBeanAdapter.java:195)
	at org.springframework.cloud.context.scope.GenericScope$BeanLifecycleWrapper.destroy(GenericScope.java:389)
	at org.springframework.cloud.context.scope.GenericScope.destroy(GenericScope.java:136)
	at org.springframework.beans.factory.support.DisposableBeanAdapter.destroy(DisposableBeanAdapter.java:211)
	at org.springframework.beans.factory.support.DefaultSingletonBeanRegistry.destroyBean(DefaultSingletonBeanRegistry.java:587)
	at org.springframework.beans.factory.support.DefaultSingletonBeanRegistry.destroySingleton(DefaultSingletonBeanRegistry.java:559)
	at org.springframework.beans.factory.support.DefaultListableBeanFactory.destroySingleton(DefaultListableBeanFactory.java:1202)
	at org.springframework.beans.factory.support.DefaultSingletonBeanRegistry.destroySingletons(DefaultSingletonBeanRegistry.java:520)
	at org.springframework.beans.factory.support.DefaultListableBeanFactory.destroySingletons(DefaultListableBeanFactory.java:1195)
	at org.springframework.context.support.AbstractApplicationContext.destroyBeans(AbstractApplicationContext.java:1186)
	at org.springframework.context.support.AbstractApplicationContext.doClose(AbstractApplicationContext.java:1147)
	at org.springframework.context.support.AbstractApplicationContext.close(AbstractApplicationContext.java:1093)
	at org.springframework.boot.SpringApplicationShutdownHook.closeAndWait(SpringApplicationShutdownHook.java:145)
	at java.base/java.lang.Iterable.forEach(Unknown Source)
	at org.springframework.boot.SpringApplicationShutdownHook.run(SpringApplicationShutdownHook.java:114)
	at java.base/java.lang.Thread.run(Unknown Source)

2026-06-24T19:13:00.205-04:00  WARN 15500 --- [ms-factorizacion] [SpringApplicationShutdownHook] c.n.d.s.t.d.RetryableEurekaHttpClient    : Request execution failed with message: Connection pool shut down
2026-06-24T19:13:00.205-04:00 ERROR 15500 --- [ms-factorizacion] [SpringApplicationShutdownHook] com.netflix.discovery.DiscoveryClient    : DiscoveryClient_MS-FACTORIZACION/localhost:ms-factorizacion:8085 - de-registration failedCannot execute request on any known server

com.netflix.discovery.shared.transport.TransportException: Cannot execute request on any known server
	at com.netflix.discovery.shared.transport.decorator.RetryableEurekaHttpClient.execute(RetryableEurekaHttpClient.java:112) ~[eureka-client-2.0.2.jar:2.0.2]
	at com.netflix.discovery.shared.transport.decorator.EurekaHttpClientDecorator.cancel(EurekaHttpClientDecorator.java:71) ~[eureka-client-2.0.2.jar:2.0.2]
	at com.netflix.discovery.shared.transport.decorator.EurekaHttpClientDecorator$2.execute(EurekaHttpClientDecorator.java:74) ~[eureka-client-2.0.2.jar:2.0.2]
	at com.netflix.discovery.shared.transport.decorator.SessionedEurekaHttpClient.execute(SessionedEurekaHttpClient.java:77) ~[eureka-client-2.0.2.jar:2.0.2]
	at com.netflix.discovery.shared.transport.decorator.EurekaHttpClientDecorator.cancel(EurekaHttpClientDecorator.java:71) ~[eureka-client-2.0.2.jar:2.0.2]
	at com.netflix.discovery.DiscoveryClient.unregister(DiscoveryClient.java:916) ~[eureka-client-2.0.2.jar:2.0.2]
	at com.netflix.discovery.DiscoveryClient.shutdown(DiscoveryClient.java:892) ~[eureka-client-2.0.2.jar:2.0.2]
	at java.base/jdk.internal.reflect.DirectMethodHandleAccessor.invoke(Unknown Source) ~[na:na]
	at java.base/java.lang.reflect.Method.invoke(Unknown Source) ~[na:na]
	at org.springframework.beans.factory.annotation.InitDestroyAnnotationBeanPostProcessor$LifecycleMethod.invoke(InitDestroyAnnotationBeanPostProcessor.java:457) ~[spring-beans-6.1.6.jar:6.1.6]
	at org.springframework.beans.factory.annotation.InitDestroyAnnotationBeanPostProcessor$LifecycleMetadata.invokeDestroyMethods(InitDestroyAnnotationBeanPostProcessor.java:415) ~[spring-beans-6.1.6.jar:6.1.6]
	at org.springframework.beans.factory.annotation.InitDestroyAnnotationBeanPostProcessor.postProcessBeforeDestruction(InitDestroyAnnotationBeanPostProcessor.java:239) ~[spring-beans-6.1.6.jar:6.1.6]
	at org.springframework.beans.factory.support.DisposableBeanAdapter.destroy(DisposableBeanAdapter.java:202) ~[spring-beans-6.1.6.jar:6.1.6]
	at org.springframework.beans.factory.support.DisposableBeanAdapter.run(DisposableBeanAdapter.java:195) ~[spring-beans-6.1.6.jar:6.1.6]
	at org.springframework.cloud.context.scope.GenericScope$BeanLifecycleWrapper.destroy(GenericScope.java:389) ~[spring-cloud-context-4.1.2.jar:4.1.2]
	at org.springframework.cloud.context.scope.GenericScope.destroy(GenericScope.java:136) ~[spring-cloud-context-4.1.2.jar:4.1.2]
	at org.springframework.beans.factory.support.DisposableBeanAdapter.destroy(DisposableBeanAdapter.java:211) ~[spring-beans-6.1.6.jar:6.1.6]
	at org.springframework.beans.factory.support.DefaultSingletonBeanRegistry.destroyBean(DefaultSingletonBeanRegistry.java:587) ~[spring-beans-6.1.6.jar:6.1.6]
	at org.springframework.beans.factory.support.DefaultSingletonBeanRegistry.destroySingleton(DefaultSingletonBeanRegistry.java:559) ~[spring-beans-6.1.6.jar:6.1.6]
	at org.springframework.beans.factory.support.DefaultListableBeanFactory.destroySingleton(DefaultListableBeanFactory.java:1202) ~[spring-beans-6.1.6.jar:6.1.6]
	at org.springframework.beans.factory.support.DefaultSingletonBeanRegistry.destroySingletons(DefaultSingletonBeanRegistry.java:520) ~[spring-beans-6.1.6.jar:6.1.6]
	at org.springframework.beans.factory.support.DefaultListableBeanFactory.destroySingletons(DefaultListableBeanFactory.java:1195) ~[spring-beans-6.1.6.jar:6.1.6]
	at org.springframework.context.support.AbstractApplicationContext.destroyBeans(AbstractApplicationContext.java:1186) ~[spring-context-6.1.6.jar:6.1.6]
	at org.springframework.context.support.AbstractApplicationContext.doClose(AbstractApplicationContext.java:1147) ~[spring-context-6.1.6.jar:6.1.6]
	at org.springframework.context.support.AbstractApplicationContext.close(AbstractApplicationContext.java:1093) ~[spring-context-6.1.6.jar:6.1.6]
	at org.springframework.boot.SpringApplicationShutdownHook.closeAndWait(SpringApplicationShutdownHook.java:145) ~[spring-boot-3.2.5.jar:3.2.5]
	at java.base/java.lang.Iterable.forEach(Unknown Source) ~[na:na]
	at org.springframework.boot.SpringApplicationShutdownHook.run(SpringApplicationShutdownHook.java:114) ~[spring-boot-3.2.5.jar:3.2.5]
	at java.base/java.lang.Thread.run(Unknown Source) ~[na:na]

2026-06-24T19:13:00.214-04:00  INFO 15500 --- [ms-factorizacion] [SpringApplicationShutdownHook] com.netflix.discovery.DiscoveryClient    : Completed shut down of DiscoveryClient
2026-06-24T19:13:00.216-04:00  INFO 15500 --- [ms-factorizacion] [SpringApplicationShutdownHook] o.s.c.n.e.s.EurekaServiceRegistry        : Unregistering application MS-FACTORIZACION with eureka with status DOWN
2026-06-24T19:13:00.217-04:00  INFO 15500 --- [ms-factorizacion] [SpringApplicationShutdownHook] com.netflix.discovery.DiscoveryClient    : Saw local status change event StatusChangeEvent [timestamp=1782342780217, current=DOWN, previous=UP]
2026-06-24T19:13:00.217-04:00  INFO 15500 --- [ms-factorizacion] [DiscoveryClient-InstanceInfoReplicator-0] com.netflix.discovery.DiscoveryClient    : DiscoveryClient_MS-FACTORIZACION/localhost:ms-factorizacion:8085: registering service...
2026-06-24T19:13:00.222-04:00  INFO 15500 --- [ms-factorizacion] [SpringApplicationShutdownHook] j.LocalContainerEntityManagerFactoryBean : Closing JPA EntityManagerFactory for persistence unit 'default'
2026-06-24T19:13:00.222-04:00  INFO 15500 --- [ms-factorizacion] [SpringApplicationShutdownHook] com.zaxxer.hikari.HikariDataSource       : HikariPool-2 - Shutdown initiated...
2026-06-24T19:13:00.231-04:00  INFO 15500 --- [ms-factorizacion] [DiscoveryClient-InstanceInfoReplicator-0] c.n.d.s.t.d.RedirectingEurekaHttpClient  : Request execution error. endpoint=DefaultEndpoint{ serviceUrl='http://localhost:8761/eureka/}, exception=Connection pool shut down stacktrace=java.lang.IllegalStateException: Connection pool shut down
	at org.apache.hc.core5.util.Asserts.check(Asserts.java:38)
	at org.apache.hc.core5.pool.StrictConnPool.lease(StrictConnPool.java:176)
	at org.apache.hc.client5.http.impl.io.PoolingHttpClientConnectionManager.lease(PoolingHttpClientConnectionManager.java:298)
	at org.apache.hc.client5.http.impl.classic.InternalExecRuntime.acquireEndpoint(InternalExecRuntime.java:103)
	at org.apache.hc.client5.http.impl.classic.ConnectExec.execute(ConnectExec.java:125)
	at org.apache.hc.client5.http.impl.classic.ExecChainElement.execute(ExecChainElement.java:51)
	at org.apache.hc.client5.http.impl.classic.ProtocolExec.execute(ProtocolExec.java:192)
	at org.apache.hc.client5.http.impl.classic.ExecChainElement.execute(ExecChainElement.java:51)
	at org.apache.hc.client5.http.impl.classic.HttpRequestRetryExec.execute(HttpRequestRetryExec.java:96)
	at org.apache.hc.client5.http.impl.classic.ExecChainElement.execute(ExecChainElement.java:51)
	at org.apache.hc.client5.http.impl.classic.ContentCompressionExec.execute(ContentCompressionExec.java:152)
	at org.apache.hc.client5.http.impl.classic.ExecChainElement.execute(ExecChainElement.java:51)
	at org.apache.hc.client5.http.impl.classic.RedirectExec.execute(RedirectExec.java:115)
	at org.apache.hc.client5.http.impl.classic.ExecChainElement.execute(ExecChainElement.java:51)
	at org.apache.hc.client5.http.impl.classic.InternalHttpClient.doExecute(InternalHttpClient.java:170)
	at org.apache.hc.client5.http.impl.classic.CloseableHttpClient.execute(CloseableHttpClient.java:87)
	at org.apache.hc.client5.http.impl.classic.CloseableHttpClient.execute(CloseableHttpClient.java:55)
	at org.apache.hc.client5.http.classic.HttpClient.executeOpen(HttpClient.java:183)
	at org.springframework.http.client.HttpComponentsClientHttpRequest.executeInternal(HttpComponentsClientHttpRequest.java:95)
	at org.springframework.http.client.AbstractStreamingClientHttpRequest.executeInternal(AbstractStreamingClientHttpRequest.java:70)
	at org.springframework.http.client.AbstractClientHttpRequest.execute(AbstractClientHttpRequest.java:66)
	at org.springframework.http.client.InterceptingClientHttpRequest$InterceptingRequestExecution.execute(InterceptingClientHttpRequest.java:112)
	at org.springframework.cloud.netflix.eureka.http.RestTemplateTransportClientFactory.lambda$restTemplate$0(RestTemplateTransportClientFactory.java:143)
	at org.springframework.http.client.InterceptingClientHttpRequest$InterceptingRequestExecution.execute(InterceptingClientHttpRequest.java:88)
	at org.springframework.http.client.InterceptingClientHttpRequest.executeInternal(InterceptingClientHttpRequest.java:72)
	at org.springframework.http.client.AbstractBufferingClientHttpRequest.executeInternal(AbstractBufferingClientHttpRequest.java:48)
	at org.springframework.http.client.AbstractClientHttpRequest.execute(AbstractClientHttpRequest.java:66)
	at org.springframework.web.client.RestTemplate.doExecute(RestTemplate.java:889)
	at org.springframework.web.client.RestTemplate.execute(RestTemplate.java:790)
	at org.springframework.web.client.RestTemplate.exchange(RestTemplate.java:672)
	at org.springframework.cloud.netflix.eureka.http.RestTemplateEurekaHttpClient.register(RestTemplateEurekaHttpClient.java:77)
	at com.netflix.discovery.shared.transport.decorator.EurekaHttpClientDecorator$1.execute(EurekaHttpClientDecorator.java:59)
	at com.netflix.discovery.shared.transport.decorator.RedirectingEurekaHttpClient.executeOnNewServer(RedirectingEurekaHttpClient.java:121)
	at com.netflix.discovery.shared.transport.decorator.RedirectingEurekaHttpClient.execute(RedirectingEurekaHttpClient.java:80)
	at com.netflix.discovery.shared.transport.decorator.EurekaHttpClientDecorator.register(EurekaHttpClientDecorator.java:56)
	at com.netflix.discovery.shared.transport.decorator.EurekaHttpClientDecorator$1.execute(EurekaHttpClientDecorator.java:59)
	at com.netflix.discovery.shared.transport.decorator.RetryableEurekaHttpClient.execute(RetryableEurekaHttpClient.java:120)
	at com.netflix.discovery.shared.transport.decorator.EurekaHttpClientDecorator.register(EurekaHttpClientDecorator.java:56)
	at com.netflix.discovery.shared.transport.decorator.EurekaHttpClientDecorator$1.execute(EurekaHttpClientDecorator.java:59)
	at com.netflix.discovery.shared.transport.decorator.SessionedEurekaHttpClient.execute(SessionedEurekaHttpClient.java:77)
	at com.netflix.discovery.shared.transport.decorator.EurekaHttpClientDecorator.register(EurekaHttpClientDecorator.java:56)
	at com.netflix.discovery.DiscoveryClient.register(DiscoveryClient.java:820)
	at com.netflix.discovery.InstanceInfoReplicator.run(InstanceInfoReplicator.java:121)
	at com.netflix.discovery.InstanceInfoReplicator$1.run(InstanceInfoReplicator.java:101)
	at java.base/java.util.concurrent.Executors$RunnableAdapter.call(Unknown Source)
	at java.base/java.util.concurrent.FutureTask.run(Unknown Source)
	at java.base/java.util.concurrent.ScheduledThreadPoolExecutor$ScheduledFutureTask.run(Unknown Source)
	at java.base/java.util.concurrent.ThreadPoolExecutor.runWorker(Unknown Source)
	at java.base/java.util.concurrent.ThreadPoolExecutor$Worker.run(Unknown Source)
	at java.base/java.lang.Thread.run(Unknown Source)

2026-06-24T19:13:00.231-04:00  WARN 15500 --- [ms-factorizacion] [DiscoveryClient-InstanceInfoReplicator-0] c.n.d.s.t.d.RetryableEurekaHttpClient    : Request execution failed with message: Connection pool shut down
2026-06-24T19:13:00.232-04:00  INFO 15500 --- [ms-factorizacion] [SpringApplicationShutdownHook] com.zaxxer.hikari.HikariDataSource       : HikariPool-2 - Shutdown completed.
2026-06-24T19:13:00.232-04:00  WARN 15500 --- [ms-factorizacion] [DiscoveryClient-InstanceInfoReplicator-0] com.netflix.discovery.DiscoveryClient    : DiscoveryClient_MS-FACTORIZACION/localhost:ms-factorizacion:8085 - registration failed Cannot execute request on any known server

com.netflix.discovery.shared.transport.TransportException: Cannot execute request on any known server
	at com.netflix.discovery.shared.transport.decorator.RetryableEurekaHttpClient.execute(RetryableEurekaHttpClient.java:112) ~[eureka-client-2.0.2.jar:2.0.2]
	at com.netflix.discovery.shared.transport.decorator.EurekaHttpClientDecorator.register(EurekaHttpClientDecorator.java:56) ~[eureka-client-2.0.2.jar:2.0.2]
	at com.netflix.discovery.shared.transport.decorator.EurekaHttpClientDecorator$1.execute(EurekaHttpClientDecorator.java:59) ~[eureka-client-2.0.2.jar:2.0.2]
	at com.netflix.discovery.shared.transport.decorator.SessionedEurekaHttpClient.execute(SessionedEurekaHttpClient.java:77) ~[eureka-client-2.0.2.jar:2.0.2]
	at com.netflix.discovery.shared.transport.decorator.EurekaHttpClientDecorator.register(EurekaHttpClientDecorator.java:56) ~[eureka-client-2.0.2.jar:2.0.2]
	at com.netflix.discovery.DiscoveryClient.register(DiscoveryClient.java:820) ~[eureka-client-2.0.2.jar:2.0.2]
	at com.netflix.discovery.InstanceInfoReplicator.run(InstanceInfoReplicator.java:121) ~[eureka-client-2.0.2.jar:2.0.2]
	at com.netflix.discovery.InstanceInfoReplicator$1.run(InstanceInfoReplicator.java:101) ~[eureka-client-2.0.2.jar:2.0.2]
	at java.base/java.util.concurrent.Executors$RunnableAdapter.call(Unknown Source) ~[na:na]
	at java.base/java.util.concurrent.FutureTask.run(Unknown Source) ~[na:na]
	at java.base/java.util.concurrent.ScheduledThreadPoolExecutor$ScheduledFutureTask.run(Unknown Source) ~[na:na]
	at java.base/java.util.concurrent.ThreadPoolExecutor.runWorker(Unknown Source) ~[na:na]
	at java.base/java.util.concurrent.ThreadPoolExecutor$Worker.run(Unknown Source) ~[na:na]
	at java.base/java.lang.Thread.run(Unknown Source) ~[na:na]

2026-06-24T19:13:00.233-04:00  WARN 15500 --- [ms-factorizacion] [DiscoveryClient-InstanceInfoReplicator-0] c.n.discovery.InstanceInfoReplicator     : There was a problem with the instance info replicator

com.netflix.discovery.shared.transport.TransportException: Cannot execute request on any known server
	at com.netflix.discovery.shared.transport.decorator.RetryableEurekaHttpClient.execute(RetryableEurekaHttpClient.java:112) ~[eureka-client-2.0.2.jar:2.0.2]
	at com.netflix.discovery.shared.transport.decorator.EurekaHttpClientDecorator.register(EurekaHttpClientDecorator.java:56) ~[eureka-client-2.0.2.jar:2.0.2]
	at com.netflix.discovery.shared.transport.decorator.EurekaHttpClientDecorator$1.execute(EurekaHttpClientDecorator.java:59) ~[eureka-client-2.0.2.jar:2.0.2]
	at com.netflix.discovery.shared.transport.decorator.SessionedEurekaHttpClient.execute(SessionedEurekaHttpClient.java:77) ~[eureka-client-2.0.2.jar:2.0.2]
	at com.netflix.discovery.shared.transport.decorator.EurekaHttpClientDecorator.register(EurekaHttpClientDecorator.java:56) ~[eureka-client-2.0.2.jar:2.0.2]
	at com.netflix.discovery.DiscoveryClient.register(DiscoveryClient.java:820) ~[eureka-client-2.0.2.jar:2.0.2]
	at com.netflix.discovery.InstanceInfoReplicator.run(InstanceInfoReplicator.java:121) ~[eureka-client-2.0.2.jar:2.0.2]
	at com.netflix.discovery.InstanceInfoReplicator$1.run(InstanceInfoReplicator.java:101) ~[eureka-client-2.0.2.jar:2.0.2]
	at java.base/java.util.concurrent.Executors$RunnableAdapter.call(Unknown Source) ~[na:na]
	at java.base/java.util.concurrent.FutureTask.run(Unknown Source) ~[na:na]
	at java.base/java.util.concurrent.ScheduledThreadPoolExecutor$ScheduledFutureTask.run(Unknown Source) ~[na:na]
	at java.base/java.util.concurrent.ThreadPoolExecutor.runWorker(Unknown Source) ~[na:na]
	at java.base/java.util.concurrent.ThreadPoolExecutor$Worker.run(Unknown Source) ~[na:na]
	at java.base/java.lang.Thread.run(Unknown Source) ~[na:na]

2026-06-24T19:13:00.233-04:00  INFO 15500 --- [ms-factorizacion] [SpringApplicationShutdownHook] com.netflix.discovery.DiscoveryClient    : Shutting down DiscoveryClient ...
2026-06-24T19:49:33.554-04:00  INFO 21060 --- [ms-factorizacion] [main] c.e.ms_factorizacion.FacturaServiceTest  : Starting FacturaServiceTest using Java 21.0.10 with PID 21060 (started by GAMER in C:\Users\GAMER\Downloads\ProyectoFullstackEpico (2)\ProyectoFullstackEpico\MicroServicios-main\ms-factorizacion)
2026-06-24T19:49:33.557-04:00  INFO 21060 --- [ms-factorizacion] [main] c.e.ms_factorizacion.FacturaServiceTest  : The following 1 profile is active: "test"
2026-06-24T19:49:34.365-04:00  INFO 21060 --- [ms-factorizacion] [main] .s.d.r.c.RepositoryConfigurationDelegate : Bootstrapping Spring Data JPA repositories in DEFAULT mode.
2026-06-24T19:49:34.478-04:00  INFO 21060 --- [ms-factorizacion] [main] .s.d.r.c.RepositoryConfigurationDelegate : Finished Spring Data repository scanning in 106 ms. Found 1 JPA repository interface.
2026-06-24T19:49:34.725-04:00  INFO 21060 --- [ms-factorizacion] [main] o.s.cloud.context.scope.GenericScope     : BeanFactory id=67ac977c-debd-39d3-9663-866cb705ec0d
2026-06-24T19:49:36.003-04:00  WARN 21060 --- [ms-factorizacion] [main] trationDelegate$BeanPostProcessorChecker : Bean 'org.springframework.cloud.client.loadbalancer.LoadBalancerAutoConfiguration$DeferringLoadBalancerInterceptorConfig' of type [org.springframework.cloud.client.loadbalancer.LoadBalancerAutoConfiguration$DeferringLoadBalancerInterceptorConfig] is not eligible for getting processed by all BeanPostProcessors (for example: not eligible for auto-proxying). The currently created BeanPostProcessor [lbRestClientPostProcessor] is declared through a non-static factory method on that class; consider declaring it as static instead.
2026-06-24T19:49:36.007-04:00  WARN 21060 --- [ms-factorizacion] [main] trationDelegate$BeanPostProcessorChecker : Bean 'deferringLoadBalancerInterceptor' of type [org.springframework.cloud.client.loadbalancer.DeferringLoadBalancerInterceptor] is not eligible for getting processed by all BeanPostProcessors (for example: not eligible for auto-proxying). Is this bean getting eagerly injected into a currently created BeanPostProcessor [lbRestClientPostProcessor]? Check the corresponding BeanPostProcessor declaration and its dependencies.
2026-06-24T19:49:36.203-04:00  INFO 21060 --- [ms-factorizacion] [main] com.zaxxer.hikari.HikariDataSource       : HikariPool-1 - Starting...
2026-06-24T19:49:36.814-04:00  INFO 21060 --- [ms-factorizacion] [main] com.zaxxer.hikari.pool.HikariPool        : HikariPool-1 - Added connection com.mysql.cj.jdbc.ConnectionImpl@48860139
2026-06-24T19:49:36.818-04:00  INFO 21060 --- [ms-factorizacion] [main] com.zaxxer.hikari.HikariDataSource       : HikariPool-1 - Start completed.
2026-06-24T19:49:36.926-04:00  INFO 21060 --- [ms-factorizacion] [main] o.f.c.internal.license.VersionPrinter    : Flyway Community Edition 9.22.3 by Redgate
2026-06-24T19:49:36.926-04:00  INFO 21060 --- [ms-factorizacion] [main] o.f.c.internal.license.VersionPrinter    : See release notes here: https://rd.gt/416ObMi
2026-06-24T19:49:36.926-04:00  INFO 21060 --- [ms-factorizacion] [main] o.f.c.internal.license.VersionPrinter    : 
2026-06-24T19:49:36.964-04:00  INFO 21060 --- [ms-factorizacion] [main] org.flywaydb.core.FlywayExecutor         : Database: jdbc:mysql://localhost:3306/db_factorizacion-test (MySQL 8.0)
2026-06-24T19:49:37.001-04:00  INFO 21060 --- [ms-factorizacion] [main] o.f.c.i.s.JdbcTableSchemaHistory         : Schema history table `db_factorizacion-test`.`flyway_schema_history` does not exist yet
2026-06-24T19:49:37.012-04:00  INFO 21060 --- [ms-factorizacion] [main] o.f.core.internal.command.DbValidate     : Successfully validated 1 migration (execution time 00:00.027s)
2026-06-24T19:49:37.128-04:00  INFO 21060 --- [ms-factorizacion] [main] o.f.c.i.s.JdbcTableSchemaHistory         : Creating Schema History table `db_factorizacion-test`.`flyway_schema_history` ...
2026-06-24T19:49:37.338-04:00  INFO 21060 --- [ms-factorizacion] [main] o.f.core.internal.command.DbMigrate      : Current version of schema `db_factorizacion-test`: << Empty Schema >>
2026-06-24T19:49:37.346-04:00  INFO 21060 --- [ms-factorizacion] [main] o.f.core.internal.command.DbMigrate      : Migrating schema `db_factorizacion-test` to version "1 - factura"
2026-06-24T19:49:37.479-04:00  INFO 21060 --- [ms-factorizacion] [main] o.f.core.internal.command.DbMigrate      : Successfully applied 1 migration to schema `db_factorizacion-test`, now at version v1 (execution time 00:00.082s)
2026-06-24T19:49:37.586-04:00  INFO 21060 --- [ms-factorizacion] [main] o.hibernate.jpa.internal.util.LogHelper  : HHH000204: Processing PersistenceUnitInfo [name: default]
2026-06-24T19:49:37.675-04:00  INFO 21060 --- [ms-factorizacion] [main] org.hibernate.Version                    : HHH000412: Hibernate ORM core version 6.4.4.Final
2026-06-24T19:49:37.712-04:00  INFO 21060 --- [ms-factorizacion] [main] o.h.c.internal.RegionFactoryInitiator    : HHH000026: Second-level cache disabled
2026-06-24T19:49:37.818-04:00  INFO 21060 --- [ms-factorizacion] [main] o.s.o.j.p.SpringPersistenceUnitInfo      : No LoadTimeWeaver setup: ignoring JPA class transformer
2026-06-24T19:49:37.891-04:00  WARN 21060 --- [ms-factorizacion] [main] org.hibernate.orm.deprecation            : HHH90000025: MySQLDialect does not need to be specified explicitly using 'hibernate.dialect' (remove the property setting and it will be selected by default)
2026-06-24T19:49:38.525-04:00  INFO 21060 --- [ms-factorizacion] [main] o.h.e.t.j.p.i.JtaPlatformInitiator       : HHH000489: No JTA platform available (set 'hibernate.transaction.jta.platform' to enable JTA platform integration)
2026-06-24T19:49:38.538-04:00 DEBUG 21060 --- [ms-factorizacion] [main] org.hibernate.SQL                        : 
    drop table if exists factorizacion
2026-06-24T19:49:38.549-04:00 DEBUG 21060 --- [ms-factorizacion] [main] org.hibernate.SQL                        : 
    create table factorizacion (
        total integer not null,
        id bigint not null auto_increment,
        pago_id bigint,
        fecha_factura varchar(255),
        metodo_pago varchar(255),
        primary key (id)
    ) engine=InnoDB
2026-06-24T19:49:38.566-04:00  INFO 21060 --- [ms-factorizacion] [main] j.LocalContainerEntityManagerFactoryBean : Initialized JPA EntityManagerFactory for persistence unit 'default'
2026-06-24T19:49:38.820-04:00  WARN 21060 --- [ms-factorizacion] [main] JpaBaseConfiguration$JpaWebConfiguration : spring.jpa.open-in-view is enabled by default. Therefore, database queries may be performed during view rendering. Explicitly configure spring.jpa.open-in-view to disable this warning
2026-06-24T19:49:40.493-04:00  INFO 21060 --- [ms-factorizacion] [main] o.s.cloud.commons.util.InetUtils         : Cannot determine local hostname
2026-06-24T19:49:41.515-04:00  INFO 21060 --- [ms-factorizacion] [main] o.s.cloud.commons.util.InetUtils         : Cannot determine local hostname
2026-06-24T19:49:41.544-04:00  INFO 21060 --- [ms-factorizacion] [main] DiscoveryClientOptionalArgsConfiguration : Eureka HTTP Client uses RestTemplate.
2026-06-24T19:49:41.578-04:00  WARN 21060 --- [ms-factorizacion] [main] iguration$LoadBalancerCaffeineWarnLogger : Spring Cloud LoadBalancer is currently working with the default cache. While this cache implementation is useful for development and tests, it's recommended to use Caffeine cache in production.You can switch to using Caffeine cache, by adding it and org.springframework.cache.caffeine.CaffeineCacheManager to the classpath.
2026-06-24T19:49:41.610-04:00  INFO 21060 --- [ms-factorizacion] [main] o.s.c.n.eureka.InstanceInfoFactory       : Setting initial instance status as: STARTING
2026-06-24T19:49:41.704-04:00  INFO 21060 --- [ms-factorizacion] [main] com.netflix.discovery.DiscoveryClient    : Initializing Eureka in region us-east-1
2026-06-24T19:49:41.709-04:00  INFO 21060 --- [ms-factorizacion] [main] c.n.d.s.r.aws.ConfigClusterResolver      : Resolving eureka endpoints via configuration
2026-06-24T19:49:41.731-04:00  INFO 21060 --- [ms-factorizacion] [main] com.netflix.discovery.DiscoveryClient    : Disable delta property : false
2026-06-24T19:49:41.731-04:00  INFO 21060 --- [ms-factorizacion] [main] com.netflix.discovery.DiscoveryClient    : Single vip registry refresh property : null
2026-06-24T19:49:41.731-04:00  INFO 21060 --- [ms-factorizacion] [main] com.netflix.discovery.DiscoveryClient    : Force full registry fetch : false
2026-06-24T19:49:41.731-04:00  INFO 21060 --- [ms-factorizacion] [main] com.netflix.discovery.DiscoveryClient    : Application is null : false
2026-06-24T19:49:41.731-04:00  INFO 21060 --- [ms-factorizacion] [main] com.netflix.discovery.DiscoveryClient    : Registered Applications size is zero : true
2026-06-24T19:49:41.731-04:00  INFO 21060 --- [ms-factorizacion] [main] com.netflix.discovery.DiscoveryClient    : Application version is -1: true
2026-06-24T19:49:41.731-04:00  INFO 21060 --- [ms-factorizacion] [main] com.netflix.discovery.DiscoveryClient    : Getting all instance registry info from the eureka server
2026-06-24T19:49:41.970-04:00  INFO 21060 --- [ms-factorizacion] [main] c.n.d.s.t.d.RedirectingEurekaHttpClient  : Request execution error. endpoint=DefaultEndpoint{ serviceUrl='http://localhost:8761/eureka/}, exception=I/O error on GET request for "http://localhost:8761/eureka/apps/": Connect to http://localhost:8761 [localhost/127.0.0.1, localhost/0:0:0:0:0:0:0:1] failed: Connection refused: getsockopt stacktrace=org.springframework.web.client.ResourceAccessException: I/O error on GET request for "http://localhost:8761/eureka/apps/": Connect to http://localhost:8761 [localhost/127.0.0.1, localhost/0:0:0:0:0:0:0:1] failed: Connection refused: getsockopt
	at org.springframework.web.client.RestTemplate.createResourceAccessException(RestTemplate.java:915)
	at org.springframework.web.client.RestTemplate.doExecute(RestTemplate.java:895)
	at org.springframework.web.client.RestTemplate.execute(RestTemplate.java:790)
	at org.springframework.web.client.RestTemplate.exchange(RestTemplate.java:672)
	at org.springframework.cloud.netflix.eureka.http.RestTemplateEurekaHttpClient.getApplicationsInternal(RestTemplateEurekaHttpClient.java:145)
	at org.springframework.cloud.netflix.eureka.http.RestTemplateEurekaHttpClient.getApplications(RestTemplateEurekaHttpClient.java:135)
	at com.netflix.discovery.shared.transport.decorator.EurekaHttpClientDecorator$6.execute(EurekaHttpClientDecorator.java:137)
	at com.netflix.discovery.shared.transport.decorator.RedirectingEurekaHttpClient.executeOnNewServer(RedirectingEurekaHttpClient.java:121)
	at com.netflix.discovery.shared.transport.decorator.RedirectingEurekaHttpClient.execute(RedirectingEurekaHttpClient.java:80)
	at com.netflix.discovery.shared.transport.decorator.EurekaHttpClientDecorator.getApplications(EurekaHttpClientDecorator.java:134)
	at com.netflix.discovery.shared.transport.decorator.EurekaHttpClientDecorator$6.execute(EurekaHttpClientDecorator.java:137)
	at com.netflix.discovery.shared.transport.decorator.RetryableEurekaHttpClient.execute(RetryableEurekaHttpClient.java:120)
	at com.netflix.discovery.shared.transport.decorator.EurekaHttpClientDecorator.getApplications(EurekaHttpClientDecorator.java:134)
	at com.netflix.discovery.shared.transport.decorator.EurekaHttpClientDecorator$6.execute(EurekaHttpClientDecorator.java:137)
	at com.netflix.discovery.shared.transport.decorator.SessionedEurekaHttpClient.execute(SessionedEurekaHttpClient.java:77)
	at com.netflix.discovery.shared.transport.decorator.EurekaHttpClientDecorator.getApplications(EurekaHttpClientDecorator.java:134)
	at com.netflix.discovery.DiscoveryClient.getAndStoreFullRegistry(DiscoveryClient.java:1045)
	at com.netflix.discovery.DiscoveryClient.fetchRegistry(DiscoveryClient.java:958)
	at com.netflix.discovery.DiscoveryClient.<init>(DiscoveryClient.java:396)
	at com.netflix.discovery.DiscoveryClient.<init>(DiscoveryClient.java:247)
	at com.netflix.discovery.DiscoveryClient.<init>(DiscoveryClient.java:242)
	at org.springframework.cloud.netflix.eureka.CloudEurekaClient.<init>(CloudEurekaClient.java:68)
	at org.springframework.cloud.netflix.eureka.EurekaClientAutoConfiguration$RefreshableEurekaClientConfiguration.eurekaClient(EurekaClientAutoConfiguration.java:321)
	at java.base/jdk.internal.reflect.DirectMethodHandleAccessor.invoke(Unknown Source)
	at java.base/java.lang.reflect.Method.invoke(Unknown Source)
	at org.springframework.beans.factory.support.SimpleInstantiationStrategy.instantiate(SimpleInstantiationStrategy.java:140)
	at org.springframework.beans.factory.support.ConstructorResolver.instantiate(ConstructorResolver.java:644)
	at org.springframework.beans.factory.support.ConstructorResolver.instantiateUsingFactoryMethod(ConstructorResolver.java:636)
	at org.springframework.beans.factory.support.AbstractAutowireCapableBeanFactory.instantiateUsingFactoryMethod(AbstractAutowireCapableBeanFactory.java:1335)
	at org.springframework.beans.factory.support.AbstractAutowireCapableBeanFactory.createBeanInstance(AbstractAutowireCapableBeanFactory.java:1165)
	at org.springframework.beans.factory.support.AbstractAutowireCapableBeanFactory.doCreateBean(AbstractAutowireCapableBeanFactory.java:562)
	at org.springframework.beans.factory.support.AbstractAutowireCapableBeanFactory.createBean(AbstractAutowireCapableBeanFactory.java:522)
	at org.springframework.beans.factory.support.AbstractBeanFactory.lambda$doGetBean$1(AbstractBeanFactory.java:365)
	at org.springframework.cloud.context.scope.GenericScope$BeanLifecycleWrapper.getBean(GenericScope.java:375)
	at org.springframework.cloud.context.scope.GenericScope.get(GenericScope.java:179)
	at org.springframework.beans.factory.support.AbstractBeanFactory.doGetBean(AbstractBeanFactory.java:362)
	at org.springframework.beans.factory.support.AbstractBeanFactory.getBean(AbstractBeanFactory.java:200)
	at org.springframework.aop.target.SimpleBeanTargetSource.getTarget(SimpleBeanTargetSource.java:35)
	at org.springframework.cloud.netflix.eureka.serviceregistry.EurekaRegistration.getTargetObject(EurekaRegistration.java:128)
	at org.springframework.cloud.netflix.eureka.serviceregistry.EurekaRegistration.getEurekaClient(EurekaRegistration.java:116)
	at java.base/jdk.internal.reflect.DirectMethodHandleAccessor.invoke(Unknown Source)
	at java.base/java.lang.reflect.Method.invoke(Unknown Source)
	at org.springframework.util.ReflectionUtils.invokeMethod(ReflectionUtils.java:281)
	at org.springframework.cloud.context.scope.GenericScope$LockedScopedProxyFactoryBean.invoke(GenericScope.java:482)
	at org.springframework.aop.framework.ReflectiveMethodInvocation.proceed(ReflectiveMethodInvocation.java:184)
	at org.springframework.aop.framework.CglibAopProxy$CglibMethodInvocation.proceed(CglibAopProxy.java:768)
	at org.springframework.aop.framework.CglibAopProxy$DynamicAdvisedInterceptor.intercept(CglibAopProxy.java:720)
	at org.springframework.cloud.netflix.eureka.serviceregistry.EurekaRegistration$$SpringCGLIB$$0.getEurekaClient(<generated>)
	at org.springframework.cloud.netflix.eureka.serviceregistry.EurekaServiceRegistry.maybeInitializeClient(EurekaServiceRegistry.java:83)
	at org.springframework.cloud.netflix.eureka.serviceregistry.EurekaServiceRegistry.register(EurekaServiceRegistry.java:66)
	at org.springframework.cloud.netflix.eureka.serviceregistry.EurekaAutoServiceRegistration.start(EurekaAutoServiceRegistration.java:89)
	at org.springframework.context.support.DefaultLifecycleProcessor.doStart(DefaultLifecycleProcessor.java:288)
	at org.springframework.context.support.DefaultLifecycleProcessor$LifecycleGroup.start(DefaultLifecycleProcessor.java:471)
	at java.base/java.lang.Iterable.forEach(Unknown Source)
	at org.springframework.context.support.DefaultLifecycleProcessor.startBeans(DefaultLifecycleProcessor.java:260)
	at org.springframework.context.support.DefaultLifecycleProcessor.onRefresh(DefaultLifecycleProcessor.java:205)
	at org.springframework.context.support.AbstractApplicationContext.finishRefresh(AbstractApplicationContext.java:981)
	at org.springframework.context.support.AbstractApplicationContext.refresh(AbstractApplicationContext.java:627)
	at org.springframework.boot.SpringApplication.refresh(SpringApplication.java:754)
	at org.springframework.boot.SpringApplication.refreshContext(SpringApplication.java:456)
	at org.springframework.boot.SpringApplication.run(SpringApplication.java:334)
	at org.springframework.boot.test.context.SpringBootContextLoader.lambda$loadContext$3(SpringBootContextLoader.java:137)
	at org.springframework.util.function.ThrowingSupplier.get(ThrowingSupplier.java:58)
	at org.springframework.util.function.ThrowingSupplier.get(ThrowingSupplier.java:46)
	at org.springframework.boot.SpringApplication.withHook(SpringApplication.java:1454)
	at org.springframework.boot.test.context.SpringBootContextLoader$ContextLoaderHook.run(SpringBootContextLoader.java:553)
	at org.springframework.boot.test.context.SpringBootContextLoader.loadContext(SpringBootContextLoader.java:137)
	at org.springframework.boot.test.context.SpringBootContextLoader.loadContext(SpringBootContextLoader.java:108)
	at org.springframework.test.context.cache.DefaultCacheAwareContextLoaderDelegate.loadContextInternal(DefaultCacheAwareContextLoaderDelegate.java:225)
	at org.springframework.test.context.cache.DefaultCacheAwareContextLoaderDelegate.loadContext(DefaultCacheAwareContextLoaderDelegate.java:152)
	at org.springframework.test.context.support.DefaultTestContext.getApplicationContext(DefaultTestContext.java:130)
	at org.springframework.test.context.web.ServletTestExecutionListener.setUpRequestContextIfNecessary(ServletTestExecutionListener.java:191)
	at org.springframework.test.context.web.ServletTestExecutionListener.prepareTestInstance(ServletTestExecutionListener.java:130)
	at org.springframework.test.context.TestContextManager.prepareTestInstance(TestContextManager.java:260)
	at org.springframework.test.context.junit.jupiter.SpringExtension.postProcessTestInstance(SpringExtension.java:163)
	at org.junit.jupiter.engine.descriptor.ClassBasedTestDescriptor.lambda$invokeTestInstancePostProcessors$10(ClassBasedTestDescriptor.java:378)
	at org.junit.jupiter.engine.descriptor.ClassBasedTestDescriptor.executeAndMaskThrowable(ClassBasedTestDescriptor.java:383)
	at org.junit.jupiter.engine.descriptor.ClassBasedTestDescriptor.lambda$invokeTestInstancePostProcessors$11(ClassBasedTestDescriptor.java:378)
	at java.base/java.util.stream.ReferencePipeline$3$1.accept(Unknown Source)
	at java.base/java.util.stream.ReferencePipeline$2$1.accept(Unknown Source)
	at java.base/java.util.ArrayList$ArrayListSpliterator.forEachRemaining(Unknown Source)
	at java.base/java.util.stream.AbstractPipeline.copyInto(Unknown Source)
	at java.base/java.util.stream.AbstractPipeline.wrapAndCopyInto(Unknown Source)
	at java.base/java.util.stream.StreamSpliterators$WrappingSpliterator.forEachRemaining(Unknown Source)
	at java.base/java.util.stream.Streams$ConcatSpliterator.forEachRemaining(Unknown Source)
	at java.base/java.util.stream.Streams$ConcatSpliterator.forEachRemaining(Unknown Source)
	at java.base/java.util.stream.ReferencePipeline$Head.forEach(Unknown Source)
	at org.junit.jupiter.engine.descriptor.ClassBasedTestDescriptor.invokeTestInstancePostProcessors(ClassBasedTestDescriptor.java:377)
	at org.junit.jupiter.engine.descriptor.ClassBasedTestDescriptor.lambda$instantiateAndPostProcessTestInstance$6(ClassBasedTestDescriptor.java:290)
	at org.junit.platform.engine.support.hierarchical.ThrowableCollector.execute(ThrowableCollector.java:73)
	at org.junit.jupiter.engine.descriptor.ClassBasedTestDescriptor.instantiateAndPostProcessTestInstance(ClassBasedTestDescriptor.java:289)
	at org.junit.jupiter.engine.descriptor.ClassBasedTestDescriptor.lambda$testInstancesProvider$4(ClassBasedTestDescriptor.java:279)
	at java.base/java.util.Optional.orElseGet(Unknown Source)
	at org.junit.jupiter.engine.descriptor.ClassBasedTestDescriptor.lambda$testInstancesProvider$5(ClassBasedTestDescriptor.java:278)
	at org.junit.jupiter.engine.execution.TestInstancesProvider.getTestInstances(TestInstancesProvider.java:31)
	at org.junit.jupiter.engine.descriptor.TestMethodTestDescriptor.lambda$prepare$0(TestMethodTestDescriptor.java:106)
	at org.junit.platform.engine.support.hierarchical.ThrowableCollector.execute(ThrowableCollector.java:73)
	at org.junit.jupiter.engine.descriptor.TestMethodTestDescriptor.prepare(TestMethodTestDescriptor.java:105)
	at org.junit.jupiter.engine.descriptor.TestMethodTestDescriptor.prepare(TestMethodTestDescriptor.java:69)
	at org.junit.platform.engine.support.hierarchical.NodeTestTask.lambda$prepare$2(NodeTestTask.java:123)
	at org.junit.platform.engine.support.hierarchical.ThrowableCollector.execute(ThrowableCollector.java:73)
	at org.junit.platform.engine.support.hierarchical.NodeTestTask.prepare(NodeTestTask.java:123)
	at org.junit.platform.engine.support.hierarchical.NodeTestTask.execute(NodeTestTask.java:90)
	at java.base/java.util.ArrayList.forEach(Unknown Source)
	at org.junit.platform.engine.support.hierarchical.SameThreadHierarchicalTestExecutorService.invokeAll(SameThreadHierarchicalTestExecutorService.java:41)
	at org.junit.platform.engine.support.hierarchical.NodeTestTask.lambda$executeRecursively$6(NodeTestTask.java:155)
	at org.junit.platform.engine.support.hierarchical.ThrowableCollector.execute(ThrowableCollector.java:73)
	at org.junit.platform.engine.support.hierarchical.NodeTestTask.lambda$executeRecursively$8(NodeTestTask.java:141)
	at org.junit.platform.engine.support.hierarchical.Node.around(Node.java:137)
	at org.junit.platform.engine.support.hierarchical.NodeTestTask.lambda$executeRecursively$9(NodeTestTask.java:139)
	at org.junit.platform.engine.support.hierarchical.ThrowableCollector.execute(ThrowableCollector.java:73)
	at org.junit.platform.engine.support.hierarchical.NodeTestTask.executeRecursively(NodeTestTask.java:138)
	at org.junit.platform.engine.support.hierarchical.NodeTestTask.execute(NodeTestTask.java:95)
	at java.base/java.util.ArrayList.forEach(Unknown Source)
	at org.junit.platform.engine.support.hierarchical.SameThreadHierarchicalTestExecutorService.invokeAll(SameThreadHierarchicalTestExecutorService.java:41)
	at org.junit.platform.engine.support.hierarchical.NodeTestTask.lambda$executeRecursively$6(NodeTestTask.java:155)
	at org.junit.platform.engine.support.hierarchical.ThrowableCollector.execute(ThrowableCollector.java:73)
	at org.junit.platform.engine.support.hierarchical.NodeTestTask.lambda$executeRecursively$8(NodeTestTask.java:141)
	at org.junit.platform.engine.support.hierarchical.Node.around(Node.java:137)
	at org.junit.platform.engine.support.hierarchical.NodeTestTask.lambda$executeRecursively$9(NodeTestTask.java:139)
	at org.junit.platform.engine.support.hierarchical.ThrowableCollector.execute(ThrowableCollector.java:73)
	at org.junit.platform.engine.support.hierarchical.NodeTestTask.executeRecursively(NodeTestTask.java:138)
	at org.junit.platform.engine.support.hierarchical.NodeTestTask.execute(NodeTestTask.java:95)
	at org.junit.platform.engine.support.hierarchical.SameThreadHierarchicalTestExecutorService.submit(SameThreadHierarchicalTestExecutorService.java:35)
	at org.junit.platform.engine.support.hierarchical.HierarchicalTestExecutor.execute(HierarchicalTestExecutor.java:57)
	at org.junit.platform.engine.support.hierarchical.HierarchicalTestEngine.execute(HierarchicalTestEngine.java:54)
	at org.junit.platform.launcher.core.EngineExecutionOrchestrator.execute(EngineExecutionOrchestrator.java:198)
	at org.junit.platform.launcher.core.EngineExecutionOrchestrator.execute(EngineExecutionOrchestrator.java:169)
	at org.junit.platform.launcher.core.EngineExecutionOrchestrator.execute(EngineExecutionOrchestrator.java:93)
	at org.junit.platform.launcher.core.EngineExecutionOrchestrator.lambda$execute$0(EngineExecutionOrchestrator.java:58)
	at org.junit.platform.launcher.core.EngineExecutionOrchestrator.withInterceptedStreams(EngineExecutionOrchestrator.java:141)
	at org.junit.platform.launcher.core.EngineExecutionOrchestrator.execute(EngineExecutionOrchestrator.java:57)
	at org.junit.platform.launcher.core.DefaultLauncher.execute(DefaultLauncher.java:103)
	at org.junit.platform.launcher.core.DefaultLauncher.execute(DefaultLauncher.java:94)
	at org.junit.platform.launcher.core.DelegatingLauncher.execute(DelegatingLauncher.java:52)
	at org.junit.platform.launcher.core.SessionPerRequestLauncher.execute(SessionPerRequestLauncher.java:70)
	at org.eclipse.jdt.internal.junit5.runner.JUnit5TestReference.run(JUnit5TestReference.java:100)
	at org.eclipse.jdt.internal.junit.runner.TestExecution.run(TestExecution.java:40)
	at org.eclipse.jdt.internal.junit.runner.RemoteTestRunner.runTests(RemoteTestRunner.java:520)
	at org.eclipse.jdt.internal.junit.runner.RemoteTestRunner.runTests(RemoteTestRunner.java:748)
	at org.eclipse.jdt.internal.junit.runner.RemoteTestRunner.run(RemoteTestRunner.java:443)
	at org.eclipse.jdt.internal.junit.runner.RemoteTestRunner.main(RemoteTestRunner.java:211)
Caused by: org.apache.hc.client5.http.HttpHostConnectException: Connect to http://localhost:8761 [localhost/127.0.0.1, localhost/0:0:0:0:0:0:0:1] failed: Connection refused: getsockopt
	at java.base/sun.nio.ch.Net.pollConnect(Native Method)
	at java.base/sun.nio.ch.Net.pollConnectNow(Unknown Source)
	at java.base/sun.nio.ch.NioSocketImpl.timedFinishConnect(Unknown Source)
	at java.base/sun.nio.ch.NioSocketImpl.connect(Unknown Source)
	at java.base/java.net.SocksSocketImpl.connect(Unknown Source)
	at java.base/java.net.Socket.connect(Unknown Source)
	at org.apache.hc.client5.http.socket.PlainConnectionSocketFactory.lambda$connectSocket$0(PlainConnectionSocketFactory.java:91)
	at java.base/java.security.AccessController.doPrivileged(Unknown Source)
	at org.apache.hc.client5.http.socket.PlainConnectionSocketFactory.connectSocket(PlainConnectionSocketFactory.java:90)
	at org.apache.hc.client5.http.socket.ConnectionSocketFactory.connectSocket(ConnectionSocketFactory.java:123)
	at org.apache.hc.client5.http.impl.io.DefaultHttpClientConnectionOperator.connect(DefaultHttpClientConnectionOperator.java:184)
	at org.apache.hc.client5.http.impl.io.PoolingHttpClientConnectionManager.connect(PoolingHttpClientConnectionManager.java:447)
	at org.apache.hc.client5.http.impl.classic.InternalExecRuntime.connectEndpoint(InternalExecRuntime.java:162)
	at org.apache.hc.client5.http.impl.classic.InternalExecRuntime.connectEndpoint(InternalExecRuntime.java:172)
	at org.apache.hc.client5.http.impl.classic.ConnectExec.execute(ConnectExec.java:142)
	at org.apache.hc.client5.http.impl.classic.ExecChainElement.execute(ExecChainElement.java:51)
	at org.apache.hc.client5.http.impl.classic.ProtocolExec.execute(ProtocolExec.java:192)
	at org.apache.hc.client5.http.impl.classic.ExecChainElement.execute(ExecChainElement.java:51)
	at org.apache.hc.client5.http.impl.classic.HttpRequestRetryExec.execute(HttpRequestRetryExec.java:96)
	at org.apache.hc.client5.http.impl.classic.ExecChainElement.execute(ExecChainElement.java:51)
	at org.apache.hc.client5.http.impl.classic.ContentCompressionExec.execute(ContentCompressionExec.java:152)
	at org.apache.hc.client5.http.impl.classic.ExecChainElement.execute(ExecChainElement.java:51)
	at org.apache.hc.client5.http.impl.classic.RedirectExec.execute(RedirectExec.java:115)
	at org.apache.hc.client5.http.impl.classic.ExecChainElement.execute(ExecChainElement.java:51)
	at org.apache.hc.client5.http.impl.classic.InternalHttpClient.doExecute(InternalHttpClient.java:170)
	at org.apache.hc.client5.http.impl.classic.CloseableHttpClient.execute(CloseableHttpClient.java:87)
	at org.apache.hc.client5.http.impl.classic.CloseableHttpClient.execute(CloseableHttpClient.java:55)
	at org.apache.hc.client5.http.classic.HttpClient.executeOpen(HttpClient.java:183)
	at org.springframework.http.client.HttpComponentsClientHttpRequest.executeInternal(HttpComponentsClientHttpRequest.java:95)
	at org.springframework.http.client.AbstractStreamingClientHttpRequest.executeInternal(AbstractStreamingClientHttpRequest.java:70)
	at org.springframework.http.client.AbstractClientHttpRequest.execute(AbstractClientHttpRequest.java:66)
	at org.springframework.http.client.InterceptingClientHttpRequest$InterceptingRequestExecution.execute(InterceptingClientHttpRequest.java:112)
	at org.springframework.cloud.netflix.eureka.http.RestTemplateTransportClientFactory.lambda$restTemplate$0(RestTemplateTransportClientFactory.java:143)
	at org.springframework.http.client.InterceptingClientHttpRequest$InterceptingRequestExecution.execute(InterceptingClientHttpRequest.java:88)
	at org.springframework.http.client.InterceptingClientHttpRequest.executeInternal(InterceptingClientHttpRequest.java:72)
	at org.springframework.http.client.AbstractBufferingClientHttpRequest.executeInternal(AbstractBufferingClientHttpRequest.java:48)
	at org.springframework.http.client.AbstractClientHttpRequest.execute(AbstractClientHttpRequest.java:66)
	at org.springframework.web.client.RestTemplate.doExecute(RestTemplate.java:889)
	... 140 more

2026-06-24T19:49:41.970-04:00  WARN 21060 --- [ms-factorizacion] [main] c.n.d.s.t.d.RetryableEurekaHttpClient    : Request execution failed with message: I/O error on GET request for "http://localhost:8761/eureka/apps/": Connect to http://localhost:8761 [localhost/127.0.0.1, localhost/0:0:0:0:0:0:0:1] failed: Connection refused: getsockopt
2026-06-24T19:49:41.971-04:00  INFO 21060 --- [ms-factorizacion] [main] com.netflix.discovery.DiscoveryClient    : DiscoveryClient_MS-FACTORIZACION/localhost:ms-factorizacion:8085 - was unable to refresh its cache! This periodic background refresh will be retried in 30 seconds. status = Cannot execute request on any known server stacktrace = com.netflix.discovery.shared.transport.TransportException: Cannot execute request on any known server
	at com.netflix.discovery.shared.transport.decorator.RetryableEurekaHttpClient.execute(RetryableEurekaHttpClient.java:112)
	at com.netflix.discovery.shared.transport.decorator.EurekaHttpClientDecorator.getApplications(EurekaHttpClientDecorator.java:134)
	at com.netflix.discovery.shared.transport.decorator.EurekaHttpClientDecorator$6.execute(EurekaHttpClientDecorator.java:137)
	at com.netflix.discovery.shared.transport.decorator.SessionedEurekaHttpClient.execute(SessionedEurekaHttpClient.java:77)
	at com.netflix.discovery.shared.transport.decorator.EurekaHttpClientDecorator.getApplications(EurekaHttpClientDecorator.java:134)
	at com.netflix.discovery.DiscoveryClient.getAndStoreFullRegistry(DiscoveryClient.java:1045)
	at com.netflix.discovery.DiscoveryClient.fetchRegistry(DiscoveryClient.java:958)
	at com.netflix.discovery.DiscoveryClient.<init>(DiscoveryClient.java:396)
	at com.netflix.discovery.DiscoveryClient.<init>(DiscoveryClient.java:247)
	at com.netflix.discovery.DiscoveryClient.<init>(DiscoveryClient.java:242)
	at org.springframework.cloud.netflix.eureka.CloudEurekaClient.<init>(CloudEurekaClient.java:68)
	at org.springframework.cloud.netflix.eureka.EurekaClientAutoConfiguration$RefreshableEurekaClientConfiguration.eurekaClient(EurekaClientAutoConfiguration.java:321)
	at java.base/jdk.internal.reflect.DirectMethodHandleAccessor.invoke(Unknown Source)
	at java.base/java.lang.reflect.Method.invoke(Unknown Source)
	at org.springframework.beans.factory.support.SimpleInstantiationStrategy.instantiate(SimpleInstantiationStrategy.java:140)
	at org.springframework.beans.factory.support.ConstructorResolver.instantiate(ConstructorResolver.java:644)
	at org.springframework.beans.factory.support.ConstructorResolver.instantiateUsingFactoryMethod(ConstructorResolver.java:636)
	at org.springframework.beans.factory.support.AbstractAutowireCapableBeanFactory.instantiateUsingFactoryMethod(AbstractAutowireCapableBeanFactory.java:1335)
	at org.springframework.beans.factory.support.AbstractAutowireCapableBeanFactory.createBeanInstance(AbstractAutowireCapableBeanFactory.java:1165)
	at org.springframework.beans.factory.support.AbstractAutowireCapableBeanFactory.doCreateBean(AbstractAutowireCapableBeanFactory.java:562)
	at org.springframework.beans.factory.support.AbstractAutowireCapableBeanFactory.createBean(AbstractAutowireCapableBeanFactory.java:522)
	at org.springframework.beans.factory.support.AbstractBeanFactory.lambda$doGetBean$1(AbstractBeanFactory.java:365)
	at org.springframework.cloud.context.scope.GenericScope$BeanLifecycleWrapper.getBean(GenericScope.java:375)
	at org.springframework.cloud.context.scope.GenericScope.get(GenericScope.java:179)
	at org.springframework.beans.factory.support.AbstractBeanFactory.doGetBean(AbstractBeanFactory.java:362)
	at org.springframework.beans.factory.support.AbstractBeanFactory.getBean(AbstractBeanFactory.java:200)
	at org.springframework.aop.target.SimpleBeanTargetSource.getTarget(SimpleBeanTargetSource.java:35)
	at org.springframework.cloud.netflix.eureka.serviceregistry.EurekaRegistration.getTargetObject(EurekaRegistration.java:128)
	at org.springframework.cloud.netflix.eureka.serviceregistry.EurekaRegistration.getEurekaClient(EurekaRegistration.java:116)
	at java.base/jdk.internal.reflect.DirectMethodHandleAccessor.invoke(Unknown Source)
	at java.base/java.lang.reflect.Method.invoke(Unknown Source)
	at org.springframework.util.ReflectionUtils.invokeMethod(ReflectionUtils.java:281)
	at org.springframework.cloud.context.scope.GenericScope$LockedScopedProxyFactoryBean.invoke(GenericScope.java:482)
	at org.springframework.aop.framework.ReflectiveMethodInvocation.proceed(ReflectiveMethodInvocation.java:184)
	at org.springframework.aop.framework.CglibAopProxy$CglibMethodInvocation.proceed(CglibAopProxy.java:768)
	at org.springframework.aop.framework.CglibAopProxy$DynamicAdvisedInterceptor.intercept(CglibAopProxy.java:720)
	at org.springframework.cloud.netflix.eureka.serviceregistry.EurekaRegistration$$SpringCGLIB$$0.getEurekaClient(<generated>)
	at org.springframework.cloud.netflix.eureka.serviceregistry.EurekaServiceRegistry.maybeInitializeClient(EurekaServiceRegistry.java:83)
	at org.springframework.cloud.netflix.eureka.serviceregistry.EurekaServiceRegistry.register(EurekaServiceRegistry.java:66)
	at org.springframework.cloud.netflix.eureka.serviceregistry.EurekaAutoServiceRegistration.start(EurekaAutoServiceRegistration.java:89)
	at org.springframework.context.support.DefaultLifecycleProcessor.doStart(DefaultLifecycleProcessor.java:288)
	at org.springframework.context.support.DefaultLifecycleProcessor$LifecycleGroup.start(DefaultLifecycleProcessor.java:471)
	at java.base/java.lang.Iterable.forEach(Unknown Source)
	at org.springframework.context.support.DefaultLifecycleProcessor.startBeans(DefaultLifecycleProcessor.java:260)
	at org.springframework.context.support.DefaultLifecycleProcessor.onRefresh(DefaultLifecycleProcessor.java:205)
	at org.springframework.context.support.AbstractApplicationContext.finishRefresh(AbstractApplicationContext.java:981)
	at org.springframework.context.support.AbstractApplicationContext.refresh(AbstractApplicationContext.java:627)
	at org.springframework.boot.SpringApplication.refresh(SpringApplication.java:754)
	at org.springframework.boot.SpringApplication.refreshContext(SpringApplication.java:456)
	at org.springframework.boot.SpringApplication.run(SpringApplication.java:334)
	at org.springframework.boot.test.context.SpringBootContextLoader.lambda$loadContext$3(SpringBootContextLoader.java:137)
	at org.springframework.util.function.ThrowingSupplier.get(ThrowingSupplier.java:58)
	at org.springframework.util.function.ThrowingSupplier.get(ThrowingSupplier.java:46)
	at org.springframework.boot.SpringApplication.withHook(SpringApplication.java:1454)
	at org.springframework.boot.test.context.SpringBootContextLoader$ContextLoaderHook.run(SpringBootContextLoader.java:553)
	at org.springframework.boot.test.context.SpringBootContextLoader.loadContext(SpringBootContextLoader.java:137)
	at org.springframework.boot.test.context.SpringBootContextLoader.loadContext(SpringBootContextLoader.java:108)
	at org.springframework.test.context.cache.DefaultCacheAwareContextLoaderDelegate.loadContextInternal(DefaultCacheAwareContextLoaderDelegate.java:225)
	at org.springframework.test.context.cache.DefaultCacheAwareContextLoaderDelegate.loadContext(DefaultCacheAwareContextLoaderDelegate.java:152)
	at org.springframework.test.context.support.DefaultTestContext.getApplicationContext(DefaultTestContext.java:130)
	at org.springframework.test.context.web.ServletTestExecutionListener.setUpRequestContextIfNecessary(ServletTestExecutionListener.java:191)
	at org.springframework.test.context.web.ServletTestExecutionListener.prepareTestInstance(ServletTestExecutionListener.java:130)
	at org.springframework.test.context.TestContextManager.prepareTestInstance(TestContextManager.java:260)
	at org.springframework.test.context.junit.jupiter.SpringExtension.postProcessTestInstance(SpringExtension.java:163)
	at org.junit.jupiter.engine.descriptor.ClassBasedTestDescriptor.lambda$invokeTestInstancePostProcessors$10(ClassBasedTestDescriptor.java:378)
	at org.junit.jupiter.engine.descriptor.ClassBasedTestDescriptor.executeAndMaskThrowable(ClassBasedTestDescriptor.java:383)
	at org.junit.jupiter.engine.descriptor.ClassBasedTestDescriptor.lambda$invokeTestInstancePostProcessors$11(ClassBasedTestDescriptor.java:378)
	at java.base/java.util.stream.ReferencePipeline$3$1.accept(Unknown Source)
	at java.base/java.util.stream.ReferencePipeline$2$1.accept(Unknown Source)
	at java.base/java.util.ArrayList$ArrayListSpliterator.forEachRemaining(Unknown Source)
	at java.base/java.util.stream.AbstractPipeline.copyInto(Unknown Source)
	at java.base/java.util.stream.AbstractPipeline.wrapAndCopyInto(Unknown Source)
	at java.base/java.util.stream.StreamSpliterators$WrappingSpliterator.forEachRemaining(Unknown Source)
	at java.base/java.util.stream.Streams$ConcatSpliterator.forEachRemaining(Unknown Source)
	at java.base/java.util.stream.Streams$ConcatSpliterator.forEachRemaining(Unknown Source)
	at java.base/java.util.stream.ReferencePipeline$Head.forEach(Unknown Source)
	at org.junit.jupiter.engine.descriptor.ClassBasedTestDescriptor.invokeTestInstancePostProcessors(ClassBasedTestDescriptor.java:377)
	at org.junit.jupiter.engine.descriptor.ClassBasedTestDescriptor.lambda$instantiateAndPostProcessTestInstance$6(ClassBasedTestDescriptor.java:290)
	at org.junit.platform.engine.support.hierarchical.ThrowableCollector.execute(ThrowableCollector.java:73)
	at org.junit.jupiter.engine.descriptor.ClassBasedTestDescriptor.instantiateAndPostProcessTestInstance(ClassBasedTestDescriptor.java:289)
	at org.junit.jupiter.engine.descriptor.ClassBasedTestDescriptor.lambda$testInstancesProvider$4(ClassBasedTestDescriptor.java:279)
	at java.base/java.util.Optional.orElseGet(Unknown Source)
	at org.junit.jupiter.engine.descriptor.ClassBasedTestDescriptor.lambda$testInstancesProvider$5(ClassBasedTestDescriptor.java:278)
	at org.junit.jupiter.engine.execution.TestInstancesProvider.getTestInstances(TestInstancesProvider.java:31)
	at org.junit.jupiter.engine.descriptor.TestMethodTestDescriptor.lambda$prepare$0(TestMethodTestDescriptor.java:106)
	at org.junit.platform.engine.support.hierarchical.ThrowableCollector.execute(ThrowableCollector.java:73)
	at org.junit.jupiter.engine.descriptor.TestMethodTestDescriptor.prepare(TestMethodTestDescriptor.java:105)
	at org.junit.jupiter.engine.descriptor.TestMethodTestDescriptor.prepare(TestMethodTestDescriptor.java:69)
	at org.junit.platform.engine.support.hierarchical.NodeTestTask.lambda$prepare$2(NodeTestTask.java:123)
	at org.junit.platform.engine.support.hierarchical.ThrowableCollector.execute(ThrowableCollector.java:73)
	at org.junit.platform.engine.support.hierarchical.NodeTestTask.prepare(NodeTestTask.java:123)
	at org.junit.platform.engine.support.hierarchical.NodeTestTask.execute(NodeTestTask.java:90)
	at java.base/java.util.ArrayList.forEach(Unknown Source)
	at org.junit.platform.engine.support.hierarchical.SameThreadHierarchicalTestExecutorService.invokeAll(SameThreadHierarchicalTestExecutorService.java:41)
	at org.junit.platform.engine.support.hierarchical.NodeTestTask.lambda$executeRecursively$6(NodeTestTask.java:155)
	at org.junit.platform.engine.support.hierarchical.ThrowableCollector.execute(ThrowableCollector.java:73)
	at org.junit.platform.engine.support.hierarchical.NodeTestTask.lambda$executeRecursively$8(NodeTestTask.java:141)
	at org.junit.platform.engine.support.hierarchical.Node.around(Node.java:137)
	at org.junit.platform.engine.support.hierarchical.NodeTestTask.lambda$executeRecursively$9(NodeTestTask.java:139)
	at org.junit.platform.engine.support.hierarchical.ThrowableCollector.execute(ThrowableCollector.java:73)
	at org.junit.platform.engine.support.hierarchical.NodeTestTask.executeRecursively(NodeTestTask.java:138)
	at org.junit.platform.engine.support.hierarchical.NodeTestTask.execute(NodeTestTask.java:95)
	at java.base/java.util.ArrayList.forEach(Unknown Source)
	at org.junit.platform.engine.support.hierarchical.SameThreadHierarchicalTestExecutorService.invokeAll(SameThreadHierarchicalTestExecutorService.java:41)
	at org.junit.platform.engine.support.hierarchical.NodeTestTask.lambda$executeRecursively$6(NodeTestTask.java:155)
	at org.junit.platform.engine.support.hierarchical.ThrowableCollector.execute(ThrowableCollector.java:73)
	at org.junit.platform.engine.support.hierarchical.NodeTestTask.lambda$executeRecursively$8(NodeTestTask.java:141)
	at org.junit.platform.engine.support.hierarchical.Node.around(Node.java:137)
	at org.junit.platform.engine.support.hierarchical.NodeTestTask.lambda$executeRecursively$9(NodeTestTask.java:139)
	at org.junit.platform.engine.support.hierarchical.ThrowableCollector.execute(ThrowableCollector.java:73)
	at org.junit.platform.engine.support.hierarchical.NodeTestTask.executeRecursively(NodeTestTask.java:138)
	at org.junit.platform.engine.support.hierarchical.NodeTestTask.execute(NodeTestTask.java:95)
	at org.junit.platform.engine.support.hierarchical.SameThreadHierarchicalTestExecutorService.submit(SameThreadHierarchicalTestExecutorService.java:35)
	at org.junit.platform.engine.support.hierarchical.HierarchicalTestExecutor.execute(HierarchicalTestExecutor.java:57)
	at org.junit.platform.engine.support.hierarchical.HierarchicalTestEngine.execute(HierarchicalTestEngine.java:54)
	at org.junit.platform.launcher.core.EngineExecutionOrchestrator.execute(EngineExecutionOrchestrator.java:198)
	at org.junit.platform.launcher.core.EngineExecutionOrchestrator.execute(EngineExecutionOrchestrator.java:169)
	at org.junit.platform.launcher.core.EngineExecutionOrchestrator.execute(EngineExecutionOrchestrator.java:93)
	at org.junit.platform.launcher.core.EngineExecutionOrchestrator.lambda$execute$0(EngineExecutionOrchestrator.java:58)
	at org.junit.platform.launcher.core.EngineExecutionOrchestrator.withInterceptedStreams(EngineExecutionOrchestrator.java:141)
	at org.junit.platform.launcher.core.EngineExecutionOrchestrator.execute(EngineExecutionOrchestrator.java:57)
	at org.junit.platform.launcher.core.DefaultLauncher.execute(DefaultLauncher.java:103)
	at org.junit.platform.launcher.core.DefaultLauncher.execute(DefaultLauncher.java:94)
	at org.junit.platform.launcher.core.DelegatingLauncher.execute(DelegatingLauncher.java:52)
	at org.junit.platform.launcher.core.SessionPerRequestLauncher.execute(SessionPerRequestLauncher.java:70)
	at org.eclipse.jdt.internal.junit5.runner.JUnit5TestReference.run(JUnit5TestReference.java:100)
	at org.eclipse.jdt.internal.junit.runner.TestExecution.run(TestExecution.java:40)
	at org.eclipse.jdt.internal.junit.runner.RemoteTestRunner.runTests(RemoteTestRunner.java:520)
	at org.eclipse.jdt.internal.junit.runner.RemoteTestRunner.runTests(RemoteTestRunner.java:748)
	at org.eclipse.jdt.internal.junit.runner.RemoteTestRunner.run(RemoteTestRunner.java:443)
	at org.eclipse.jdt.internal.junit.runner.RemoteTestRunner.main(RemoteTestRunner.java:211)

2026-06-24T19:49:41.971-04:00  INFO 21060 --- [ms-factorizacion] [main] com.netflix.discovery.DiscoveryClient    : Initial registry fetch from primary servers failed
2026-06-24T19:49:41.972-04:00  WARN 21060 --- [ms-factorizacion] [main] com.netflix.discovery.DiscoveryClient    : Using default backup registry implementation which does not do anything.
2026-06-24T19:49:41.972-04:00  INFO 21060 --- [ms-factorizacion] [main] com.netflix.discovery.DiscoveryClient    : Initial registry fetch from backup servers failed
2026-06-24T19:49:41.974-04:00  INFO 21060 --- [ms-factorizacion] [main] com.netflix.discovery.DiscoveryClient    : Starting heartbeat executor: renew interval is: 30
2026-06-24T19:49:41.977-04:00  INFO 21060 --- [ms-factorizacion] [main] c.n.discovery.InstanceInfoReplicator     : InstanceInfoReplicator onDemand update allowed rate per min is 4
2026-06-24T19:49:41.984-04:00  INFO 21060 --- [ms-factorizacion] [main] com.netflix.discovery.DiscoveryClient    : Discovery Client initialized at timestamp 1782344981980 with initial instances count: 0
2026-06-24T19:49:41.986-04:00  INFO 21060 --- [ms-factorizacion] [main] o.s.c.n.e.s.EurekaServiceRegistry        : Registering application MS-FACTORIZACION with eureka with status UP
2026-06-24T19:49:41.987-04:00  INFO 21060 --- [ms-factorizacion] [main] com.netflix.discovery.DiscoveryClient    : Saw local status change event StatusChangeEvent [timestamp=1782344981987, current=UP, previous=STARTING]
2026-06-24T19:49:41.989-04:00  INFO 21060 --- [ms-factorizacion] [DiscoveryClient-InstanceInfoReplicator-0] com.netflix.discovery.DiscoveryClient    : DiscoveryClient_MS-FACTORIZACION/localhost:ms-factorizacion:8085: registering service...
2026-06-24T19:49:42.001-04:00  INFO 21060 --- [ms-factorizacion] [main] c.e.ms_factorizacion.FacturaServiceTest  : Started FacturaServiceTest in 9.784 seconds (process running for 10.656)
2026-06-24T19:49:42.035-04:00  INFO 21060 --- [ms-factorizacion] [DiscoveryClient-InstanceInfoReplicator-0] c.n.d.s.t.d.RedirectingEurekaHttpClient  : Request execution error. endpoint=DefaultEndpoint{ serviceUrl='http://localhost:8761/eureka/}, exception=I/O error on POST request for "http://localhost:8761/eureka/apps/MS-FACTORIZACION": Connect to http://localhost:8761 [localhost/127.0.0.1, localhost/0:0:0:0:0:0:0:1] failed: Connection refused: getsockopt stacktrace=org.springframework.web.client.ResourceAccessException: I/O error on POST request for "http://localhost:8761/eureka/apps/MS-FACTORIZACION": Connect to http://localhost:8761 [localhost/127.0.0.1, localhost/0:0:0:0:0:0:0:1] failed: Connection refused: getsockopt
	at org.springframework.web.client.RestTemplate.createResourceAccessException(RestTemplate.java:915)
	at org.springframework.web.client.RestTemplate.doExecute(RestTemplate.java:895)
	at org.springframework.web.client.RestTemplate.execute(RestTemplate.java:790)
	at org.springframework.web.client.RestTemplate.exchange(RestTemplate.java:672)
	at org.springframework.cloud.netflix.eureka.http.RestTemplateEurekaHttpClient.register(RestTemplateEurekaHttpClient.java:77)
	at com.netflix.discovery.shared.transport.decorator.EurekaHttpClientDecorator$1.execute(EurekaHttpClientDecorator.java:59)
	at com.netflix.discovery.shared.transport.decorator.RedirectingEurekaHttpClient.executeOnNewServer(RedirectingEurekaHttpClient.java:121)
	at com.netflix.discovery.shared.transport.decorator.RedirectingEurekaHttpClient.execute(RedirectingEurekaHttpClient.java:80)
	at com.netflix.discovery.shared.transport.decorator.EurekaHttpClientDecorator.register(EurekaHttpClientDecorator.java:56)
	at com.netflix.discovery.shared.transport.decorator.EurekaHttpClientDecorator$1.execute(EurekaHttpClientDecorator.java:59)
	at com.netflix.discovery.shared.transport.decorator.RetryableEurekaHttpClient.execute(RetryableEurekaHttpClient.java:120)
	at com.netflix.discovery.shared.transport.decorator.EurekaHttpClientDecorator.register(EurekaHttpClientDecorator.java:56)
	at com.netflix.discovery.shared.transport.decorator.EurekaHttpClientDecorator$1.execute(EurekaHttpClientDecorator.java:59)
	at com.netflix.discovery.shared.transport.decorator.SessionedEurekaHttpClient.execute(SessionedEurekaHttpClient.java:77)
	at com.netflix.discovery.shared.transport.decorator.EurekaHttpClientDecorator.register(EurekaHttpClientDecorator.java:56)
	at com.netflix.discovery.DiscoveryClient.register(DiscoveryClient.java:820)
	at com.netflix.discovery.InstanceInfoReplicator.run(InstanceInfoReplicator.java:121)
	at com.netflix.discovery.InstanceInfoReplicator$1.run(InstanceInfoReplicator.java:101)
	at java.base/java.util.concurrent.Executors$RunnableAdapter.call(Unknown Source)
	at java.base/java.util.concurrent.FutureTask.run(Unknown Source)
	at java.base/java.util.concurrent.ScheduledThreadPoolExecutor$ScheduledFutureTask.run(Unknown Source)
	at java.base/java.util.concurrent.ThreadPoolExecutor.runWorker(Unknown Source)
	at java.base/java.util.concurrent.ThreadPoolExecutor$Worker.run(Unknown Source)
	at java.base/java.lang.Thread.run(Unknown Source)
Caused by: org.apache.hc.client5.http.HttpHostConnectException: Connect to http://localhost:8761 [localhost/127.0.0.1, localhost/0:0:0:0:0:0:0:1] failed: Connection refused: getsockopt
	at java.base/sun.nio.ch.Net.pollConnect(Native Method)
	at java.base/sun.nio.ch.Net.pollConnectNow(Unknown Source)
	at java.base/sun.nio.ch.NioSocketImpl.timedFinishConnect(Unknown Source)
	at java.base/sun.nio.ch.NioSocketImpl.connect(Unknown Source)
	at java.base/java.net.SocksSocketImpl.connect(Unknown Source)
	at java.base/java.net.Socket.connect(Unknown Source)
	at org.apache.hc.client5.http.socket.PlainConnectionSocketFactory.lambda$connectSocket$0(PlainConnectionSocketFactory.java:91)
	at java.base/java.security.AccessController.doPrivileged(Unknown Source)
	at org.apache.hc.client5.http.socket.PlainConnectionSocketFactory.connectSocket(PlainConnectionSocketFactory.java:90)
	at org.apache.hc.client5.http.socket.ConnectionSocketFactory.connectSocket(ConnectionSocketFactory.java:123)
	at org.apache.hc.client5.http.impl.io.DefaultHttpClientConnectionOperator.connect(DefaultHttpClientConnectionOperator.java:184)
	at org.apache.hc.client5.http.impl.io.PoolingHttpClientConnectionManager.connect(PoolingHttpClientConnectionManager.java:447)
	at org.apache.hc.client5.http.impl.classic.InternalExecRuntime.connectEndpoint(InternalExecRuntime.java:162)
	at org.apache.hc.client5.http.impl.classic.InternalExecRuntime.connectEndpoint(InternalExecRuntime.java:172)
	at org.apache.hc.client5.http.impl.classic.ConnectExec.execute(ConnectExec.java:142)
	at org.apache.hc.client5.http.impl.classic.ExecChainElement.execute(ExecChainElement.java:51)
	at org.apache.hc.client5.http.impl.classic.ProtocolExec.execute(ProtocolExec.java:192)
	at org.apache.hc.client5.http.impl.classic.ExecChainElement.execute(ExecChainElement.java:51)
	at org.apache.hc.client5.http.impl.classic.HttpRequestRetryExec.execute(HttpRequestRetryExec.java:96)
	at org.apache.hc.client5.http.impl.classic.ExecChainElement.execute(ExecChainElement.java:51)
	at org.apache.hc.client5.http.impl.classic.ContentCompressionExec.execute(ContentCompressionExec.java:152)
	at org.apache.hc.client5.http.impl.classic.ExecChainElement.execute(ExecChainElement.java:51)
	at org.apache.hc.client5.http.impl.classic.RedirectExec.execute(RedirectExec.java:115)
	at org.apache.hc.client5.http.impl.classic.ExecChainElement.execute(ExecChainElement.java:51)
	at org.apache.hc.client5.http.impl.classic.InternalHttpClient.doExecute(InternalHttpClient.java:170)
	at org.apache.hc.client5.http.impl.classic.CloseableHttpClient.execute(CloseableHttpClient.java:87)
	at org.apache.hc.client5.http.impl.classic.CloseableHttpClient.execute(CloseableHttpClient.java:55)
	at org.apache.hc.client5.http.classic.HttpClient.executeOpen(HttpClient.java:183)
	at org.springframework.http.client.HttpComponentsClientHttpRequest.executeInternal(HttpComponentsClientHttpRequest.java:95)
	at org.springframework.http.client.AbstractStreamingClientHttpRequest.executeInternal(AbstractStreamingClientHttpRequest.java:70)
	at org.springframework.http.client.AbstractClientHttpRequest.execute(AbstractClientHttpRequest.java:66)
	at org.springframework.http.client.InterceptingClientHttpRequest$InterceptingRequestExecution.execute(InterceptingClientHttpRequest.java:112)
	at org.springframework.cloud.netflix.eureka.http.RestTemplateTransportClientFactory.lambda$restTemplate$0(RestTemplateTransportClientFactory.java:143)
	at org.springframework.http.client.InterceptingClientHttpRequest$InterceptingRequestExecution.execute(InterceptingClientHttpRequest.java:88)
	at org.springframework.http.client.InterceptingClientHttpRequest.executeInternal(InterceptingClientHttpRequest.java:72)
	at org.springframework.http.client.AbstractBufferingClientHttpRequest.executeInternal(AbstractBufferingClientHttpRequest.java:48)
	at org.springframework.http.client.AbstractClientHttpRequest.execute(AbstractClientHttpRequest.java:66)
	at org.springframework.web.client.RestTemplate.doExecute(RestTemplate.java:889)
	... 22 more

2026-06-24T19:49:42.035-04:00  WARN 21060 --- [ms-factorizacion] [DiscoveryClient-InstanceInfoReplicator-0] c.n.d.s.t.d.RetryableEurekaHttpClient    : Request execution failed with message: I/O error on POST request for "http://localhost:8761/eureka/apps/MS-FACTORIZACION": Connect to http://localhost:8761 [localhost/127.0.0.1, localhost/0:0:0:0:0:0:0:1] failed: Connection refused: getsockopt
2026-06-24T19:49:42.035-04:00  WARN 21060 --- [ms-factorizacion] [DiscoveryClient-InstanceInfoReplicator-0] com.netflix.discovery.DiscoveryClient    : DiscoveryClient_MS-FACTORIZACION/localhost:ms-factorizacion:8085 - registration failed Cannot execute request on any known server

com.netflix.discovery.shared.transport.TransportException: Cannot execute request on any known server
	at com.netflix.discovery.shared.transport.decorator.RetryableEurekaHttpClient.execute(RetryableEurekaHttpClient.java:112) ~[eureka-client-2.0.2.jar:2.0.2]
	at com.netflix.discovery.shared.transport.decorator.EurekaHttpClientDecorator.register(EurekaHttpClientDecorator.java:56) ~[eureka-client-2.0.2.jar:2.0.2]
	at com.netflix.discovery.shared.transport.decorator.EurekaHttpClientDecorator$1.execute(EurekaHttpClientDecorator.java:59) ~[eureka-client-2.0.2.jar:2.0.2]
	at com.netflix.discovery.shared.transport.decorator.SessionedEurekaHttpClient.execute(SessionedEurekaHttpClient.java:77) ~[eureka-client-2.0.2.jar:2.0.2]
	at com.netflix.discovery.shared.transport.decorator.EurekaHttpClientDecorator.register(EurekaHttpClientDecorator.java:56) ~[eureka-client-2.0.2.jar:2.0.2]
	at com.netflix.discovery.DiscoveryClient.register(DiscoveryClient.java:820) ~[eureka-client-2.0.2.jar:2.0.2]
	at com.netflix.discovery.InstanceInfoReplicator.run(InstanceInfoReplicator.java:121) ~[eureka-client-2.0.2.jar:2.0.2]
	at com.netflix.discovery.InstanceInfoReplicator$1.run(InstanceInfoReplicator.java:101) ~[eureka-client-2.0.2.jar:2.0.2]
	at java.base/java.util.concurrent.Executors$RunnableAdapter.call(Unknown Source) ~[na:na]
	at java.base/java.util.concurrent.FutureTask.run(Unknown Source) ~[na:na]
	at java.base/java.util.concurrent.ScheduledThreadPoolExecutor$ScheduledFutureTask.run(Unknown Source) ~[na:na]
	at java.base/java.util.concurrent.ThreadPoolExecutor.runWorker(Unknown Source) ~[na:na]
	at java.base/java.util.concurrent.ThreadPoolExecutor$Worker.run(Unknown Source) ~[na:na]
	at java.base/java.lang.Thread.run(Unknown Source) ~[na:na]

2026-06-24T19:49:42.038-04:00  WARN 21060 --- [ms-factorizacion] [DiscoveryClient-InstanceInfoReplicator-0] c.n.discovery.InstanceInfoReplicator     : There was a problem with the instance info replicator

com.netflix.discovery.shared.transport.TransportException: Cannot execute request on any known server
	at com.netflix.discovery.shared.transport.decorator.RetryableEurekaHttpClient.execute(RetryableEurekaHttpClient.java:112) ~[eureka-client-2.0.2.jar:2.0.2]
	at com.netflix.discovery.shared.transport.decorator.EurekaHttpClientDecorator.register(EurekaHttpClientDecorator.java:56) ~[eureka-client-2.0.2.jar:2.0.2]
	at com.netflix.discovery.shared.transport.decorator.EurekaHttpClientDecorator$1.execute(EurekaHttpClientDecorator.java:59) ~[eureka-client-2.0.2.jar:2.0.2]
	at com.netflix.discovery.shared.transport.decorator.SessionedEurekaHttpClient.execute(SessionedEurekaHttpClient.java:77) ~[eureka-client-2.0.2.jar:2.0.2]
	at com.netflix.discovery.shared.transport.decorator.EurekaHttpClientDecorator.register(EurekaHttpClientDecorator.java:56) ~[eureka-client-2.0.2.jar:2.0.2]
	at com.netflix.discovery.DiscoveryClient.register(DiscoveryClient.java:820) ~[eureka-client-2.0.2.jar:2.0.2]
	at com.netflix.discovery.InstanceInfoReplicator.run(InstanceInfoReplicator.java:121) ~[eureka-client-2.0.2.jar:2.0.2]
	at com.netflix.discovery.InstanceInfoReplicator$1.run(InstanceInfoReplicator.java:101) ~[eureka-client-2.0.2.jar:2.0.2]
	at java.base/java.util.concurrent.Executors$RunnableAdapter.call(Unknown Source) ~[na:na]
	at java.base/java.util.concurrent.FutureTask.run(Unknown Source) ~[na:na]
	at java.base/java.util.concurrent.ScheduledThreadPoolExecutor$ScheduledFutureTask.run(Unknown Source) ~[na:na]
	at java.base/java.util.concurrent.ThreadPoolExecutor.runWorker(Unknown Source) ~[na:na]
	at java.base/java.util.concurrent.ThreadPoolExecutor$Worker.run(Unknown Source) ~[na:na]
	at java.base/java.lang.Thread.run(Unknown Source) ~[na:na]

2026-06-24T19:49:42.151-04:00  INFO 21060 --- [ms-factorizacion] [SpringApplicationShutdownHook] o.s.c.n.e.s.EurekaServiceRegistry        : Unregistering application MS-FACTORIZACION with eureka with status DOWN
2026-06-24T19:49:42.151-04:00  INFO 21060 --- [ms-factorizacion] [SpringApplicationShutdownHook] com.netflix.discovery.DiscoveryClient    : Saw local status change event StatusChangeEvent [timestamp=1782344982151, current=DOWN, previous=UP]
2026-06-24T19:49:42.151-04:00  INFO 21060 --- [ms-factorizacion] [DiscoveryClient-InstanceInfoReplicator-0] com.netflix.discovery.DiscoveryClient    : DiscoveryClient_MS-FACTORIZACION/localhost:ms-factorizacion:8085: registering service...
2026-06-24T19:49:42.160-04:00  INFO 21060 --- [ms-factorizacion] [SpringApplicationShutdownHook] j.LocalContainerEntityManagerFactoryBean : Closing JPA EntityManagerFactory for persistence unit 'default'
2026-06-24T19:49:42.162-04:00 DEBUG 21060 --- [ms-factorizacion] [SpringApplicationShutdownHook] org.hibernate.SQL                        : 
    drop table if exists factorizacion
2026-06-24T19:49:42.165-04:00  INFO 21060 --- [ms-factorizacion] [DiscoveryClient-InstanceInfoReplicator-0] c.n.d.s.t.d.RedirectingEurekaHttpClient  : Request execution error. endpoint=DefaultEndpoint{ serviceUrl='http://localhost:8761/eureka/}, exception=Connection pool shut down stacktrace=java.lang.IllegalStateException: Connection pool shut down
	at org.apache.hc.core5.util.Asserts.check(Asserts.java:38)
	at org.apache.hc.core5.pool.StrictConnPool.lease(StrictConnPool.java:176)
	at org.apache.hc.client5.http.impl.io.PoolingHttpClientConnectionManager.lease(PoolingHttpClientConnectionManager.java:298)
	at org.apache.hc.client5.http.impl.classic.InternalExecRuntime.acquireEndpoint(InternalExecRuntime.java:103)
	at org.apache.hc.client5.http.impl.classic.ConnectExec.execute(ConnectExec.java:125)
	at org.apache.hc.client5.http.impl.classic.ExecChainElement.execute(ExecChainElement.java:51)
	at org.apache.hc.client5.http.impl.classic.ProtocolExec.execute(ProtocolExec.java:192)
	at org.apache.hc.client5.http.impl.classic.ExecChainElement.execute(ExecChainElement.java:51)
	at org.apache.hc.client5.http.impl.classic.HttpRequestRetryExec.execute(HttpRequestRetryExec.java:96)
	at org.apache.hc.client5.http.impl.classic.ExecChainElement.execute(ExecChainElement.java:51)
	at org.apache.hc.client5.http.impl.classic.ContentCompressionExec.execute(ContentCompressionExec.java:152)
	at org.apache.hc.client5.http.impl.classic.ExecChainElement.execute(ExecChainElement.java:51)
	at org.apache.hc.client5.http.impl.classic.RedirectExec.execute(RedirectExec.java:115)
	at org.apache.hc.client5.http.impl.classic.ExecChainElement.execute(ExecChainElement.java:51)
	at org.apache.hc.client5.http.impl.classic.InternalHttpClient.doExecute(InternalHttpClient.java:170)
	at org.apache.hc.client5.http.impl.classic.CloseableHttpClient.execute(CloseableHttpClient.java:87)
	at org.apache.hc.client5.http.impl.classic.CloseableHttpClient.execute(CloseableHttpClient.java:55)
	at org.apache.hc.client5.http.classic.HttpClient.executeOpen(HttpClient.java:183)
	at org.springframework.http.client.HttpComponentsClientHttpRequest.executeInternal(HttpComponentsClientHttpRequest.java:95)
	at org.springframework.http.client.AbstractStreamingClientHttpRequest.executeInternal(AbstractStreamingClientHttpRequest.java:70)
	at org.springframework.http.client.AbstractClientHttpRequest.execute(AbstractClientHttpRequest.java:66)
	at org.springframework.http.client.InterceptingClientHttpRequest$InterceptingRequestExecution.execute(InterceptingClientHttpRequest.java:112)
	at org.springframework.cloud.netflix.eureka.http.RestTemplateTransportClientFactory.lambda$restTemplate$0(RestTemplateTransportClientFactory.java:143)
	at org.springframework.http.client.InterceptingClientHttpRequest$InterceptingRequestExecution.execute(InterceptingClientHttpRequest.java:88)
	at org.springframework.http.client.InterceptingClientHttpRequest.executeInternal(InterceptingClientHttpRequest.java:72)
	at org.springframework.http.client.AbstractBufferingClientHttpRequest.executeInternal(AbstractBufferingClientHttpRequest.java:48)
	at org.springframework.http.client.AbstractClientHttpRequest.execute(AbstractClientHttpRequest.java:66)
	at org.springframework.web.client.RestTemplate.doExecute(RestTemplate.java:889)
	at org.springframework.web.client.RestTemplate.execute(RestTemplate.java:790)
	at org.springframework.web.client.RestTemplate.exchange(RestTemplate.java:672)
	at org.springframework.cloud.netflix.eureka.http.RestTemplateEurekaHttpClient.register(RestTemplateEurekaHttpClient.java:77)
	at com.netflix.discovery.shared.transport.decorator.EurekaHttpClientDecorator$1.execute(EurekaHttpClientDecorator.java:59)
	at com.netflix.discovery.shared.transport.decorator.RedirectingEurekaHttpClient.executeOnNewServer(RedirectingEurekaHttpClient.java:121)
	at com.netflix.discovery.shared.transport.decorator.RedirectingEurekaHttpClient.execute(RedirectingEurekaHttpClient.java:80)
	at com.netflix.discovery.shared.transport.decorator.EurekaHttpClientDecorator.register(EurekaHttpClientDecorator.java:56)
	at com.netflix.discovery.shared.transport.decorator.EurekaHttpClientDecorator$1.execute(EurekaHttpClientDecorator.java:59)
	at com.netflix.discovery.shared.transport.decorator.RetryableEurekaHttpClient.execute(RetryableEurekaHttpClient.java:120)
	at com.netflix.discovery.shared.transport.decorator.EurekaHttpClientDecorator.register(EurekaHttpClientDecorator.java:56)
	at com.netflix.discovery.shared.transport.decorator.EurekaHttpClientDecorator$1.execute(EurekaHttpClientDecorator.java:59)
	at com.netflix.discovery.shared.transport.decorator.SessionedEurekaHttpClient.execute(SessionedEurekaHttpClient.java:77)
	at com.netflix.discovery.shared.transport.decorator.EurekaHttpClientDecorator.register(EurekaHttpClientDecorator.java:56)
	at com.netflix.discovery.DiscoveryClient.register(DiscoveryClient.java:820)
	at com.netflix.discovery.InstanceInfoReplicator.run(InstanceInfoReplicator.java:121)
	at com.netflix.discovery.InstanceInfoReplicator$1.run(InstanceInfoReplicator.java:101)
	at java.base/java.util.concurrent.Executors$RunnableAdapter.call(Unknown Source)
	at java.base/java.util.concurrent.FutureTask.run(Unknown Source)
	at java.base/java.util.concurrent.ScheduledThreadPoolExecutor$ScheduledFutureTask.run(Unknown Source)
	at java.base/java.util.concurrent.ThreadPoolExecutor.runWorker(Unknown Source)
	at java.base/java.util.concurrent.ThreadPoolExecutor$Worker.run(Unknown Source)
	at java.base/java.lang.Thread.run(Unknown Source)

2026-06-24T19:49:42.166-04:00  WARN 21060 --- [ms-factorizacion] [DiscoveryClient-InstanceInfoReplicator-0] c.n.d.s.t.d.RetryableEurekaHttpClient    : Request execution failed with message: Connection pool shut down
2026-06-24T19:49:42.166-04:00  WARN 21060 --- [ms-factorizacion] [DiscoveryClient-InstanceInfoReplicator-0] com.netflix.discovery.DiscoveryClient    : DiscoveryClient_MS-FACTORIZACION/localhost:ms-factorizacion:8085 - registration failed Cannot execute request on any known server

com.netflix.discovery.shared.transport.TransportException: Cannot execute request on any known server
	at com.netflix.discovery.shared.transport.decorator.RetryableEurekaHttpClient.execute(RetryableEurekaHttpClient.java:112) ~[eureka-client-2.0.2.jar:2.0.2]
	at com.netflix.discovery.shared.transport.decorator.EurekaHttpClientDecorator.register(EurekaHttpClientDecorator.java:56) ~[eureka-client-2.0.2.jar:2.0.2]
	at com.netflix.discovery.shared.transport.decorator.EurekaHttpClientDecorator$1.execute(EurekaHttpClientDecorator.java:59) ~[eureka-client-2.0.2.jar:2.0.2]
	at com.netflix.discovery.shared.transport.decorator.SessionedEurekaHttpClient.execute(SessionedEurekaHttpClient.java:77) ~[eureka-client-2.0.2.jar:2.0.2]
	at com.netflix.discovery.shared.transport.decorator.EurekaHttpClientDecorator.register(EurekaHttpClientDecorator.java:56) ~[eureka-client-2.0.2.jar:2.0.2]
	at com.netflix.discovery.DiscoveryClient.register(DiscoveryClient.java:820) ~[eureka-client-2.0.2.jar:2.0.2]
	at com.netflix.discovery.InstanceInfoReplicator.run(InstanceInfoReplicator.java:121) ~[eureka-client-2.0.2.jar:2.0.2]
	at com.netflix.discovery.InstanceInfoReplicator$1.run(InstanceInfoReplicator.java:101) ~[eureka-client-2.0.2.jar:2.0.2]
	at java.base/java.util.concurrent.Executors$RunnableAdapter.call(Unknown Source) ~[na:na]
	at java.base/java.util.concurrent.FutureTask.run(Unknown Source) ~[na:na]
	at java.base/java.util.concurrent.ScheduledThreadPoolExecutor$ScheduledFutureTask.run(Unknown Source) ~[na:na]
	at java.base/java.util.concurrent.ThreadPoolExecutor.runWorker(Unknown Source) ~[na:na]
	at java.base/java.util.concurrent.ThreadPoolExecutor$Worker.run(Unknown Source) ~[na:na]
	at java.base/java.lang.Thread.run(Unknown Source) ~[na:na]

2026-06-24T19:49:42.166-04:00  WARN 21060 --- [ms-factorizacion] [DiscoveryClient-InstanceInfoReplicator-0] c.n.discovery.InstanceInfoReplicator     : There was a problem with the instance info replicator

com.netflix.discovery.shared.transport.TransportException: Cannot execute request on any known server
	at com.netflix.discovery.shared.transport.decorator.RetryableEurekaHttpClient.execute(RetryableEurekaHttpClient.java:112) ~[eureka-client-2.0.2.jar:2.0.2]
	at com.netflix.discovery.shared.transport.decorator.EurekaHttpClientDecorator.register(EurekaHttpClientDecorator.java:56) ~[eureka-client-2.0.2.jar:2.0.2]
	at com.netflix.discovery.shared.transport.decorator.EurekaHttpClientDecorator$1.execute(EurekaHttpClientDecorator.java:59) ~[eureka-client-2.0.2.jar:2.0.2]
	at com.netflix.discovery.shared.transport.decorator.SessionedEurekaHttpClient.execute(SessionedEurekaHttpClient.java:77) ~[eureka-client-2.0.2.jar:2.0.2]
	at com.netflix.discovery.shared.transport.decorator.EurekaHttpClientDecorator.register(EurekaHttpClientDecorator.java:56) ~[eureka-client-2.0.2.jar:2.0.2]
	at com.netflix.discovery.DiscoveryClient.register(DiscoveryClient.java:820) ~[eureka-client-2.0.2.jar:2.0.2]
	at com.netflix.discovery.InstanceInfoReplicator.run(InstanceInfoReplicator.java:121) ~[eureka-client-2.0.2.jar:2.0.2]
	at com.netflix.discovery.InstanceInfoReplicator$1.run(InstanceInfoReplicator.java:101) ~[eureka-client-2.0.2.jar:2.0.2]
	at java.base/java.util.concurrent.Executors$RunnableAdapter.call(Unknown Source) ~[na:na]
	at java.base/java.util.concurrent.FutureTask.run(Unknown Source) ~[na:na]
	at java.base/java.util.concurrent.ScheduledThreadPoolExecutor$ScheduledFutureTask.run(Unknown Source) ~[na:na]
	at java.base/java.util.concurrent.ThreadPoolExecutor.runWorker(Unknown Source) ~[na:na]
	at java.base/java.util.concurrent.ThreadPoolExecutor$Worker.run(Unknown Source) ~[na:na]
	at java.base/java.lang.Thread.run(Unknown Source) ~[na:na]

2026-06-24T19:49:42.176-04:00  INFO 21060 --- [ms-factorizacion] [SpringApplicationShutdownHook] com.zaxxer.hikari.HikariDataSource       : HikariPool-1 - Shutdown initiated...
2026-06-24T19:49:42.185-04:00  INFO 21060 --- [ms-factorizacion] [SpringApplicationShutdownHook] com.zaxxer.hikari.HikariDataSource       : HikariPool-1 - Shutdown completed.
2026-06-24T19:49:42.186-04:00  INFO 21060 --- [ms-factorizacion] [SpringApplicationShutdownHook] com.netflix.discovery.DiscoveryClient    : Shutting down DiscoveryClient ...
2026-06-24T19:49:45.196-04:00  INFO 21060 --- [ms-factorizacion] [SpringApplicationShutdownHook] com.netflix.discovery.DiscoveryClient    : Unregistering ...
2026-06-24T19:49:45.199-04:00  INFO 21060 --- [ms-factorizacion] [SpringApplicationShutdownHook] c.n.d.s.t.d.RedirectingEurekaHttpClient  : Request execution error. endpoint=DefaultEndpoint{ serviceUrl='http://localhost:8761/eureka/}, exception=Connection pool shut down stacktrace=java.lang.IllegalStateException: Connection pool shut down
	at org.apache.hc.core5.util.Asserts.check(Asserts.java:38)
	at org.apache.hc.core5.pool.StrictConnPool.lease(StrictConnPool.java:176)
	at org.apache.hc.client5.http.impl.io.PoolingHttpClientConnectionManager.lease(PoolingHttpClientConnectionManager.java:298)
	at org.apache.hc.client5.http.impl.classic.InternalExecRuntime.acquireEndpoint(InternalExecRuntime.java:103)
	at org.apache.hc.client5.http.impl.classic.ConnectExec.execute(ConnectExec.java:125)
	at org.apache.hc.client5.http.impl.classic.ExecChainElement.execute(ExecChainElement.java:51)
	at org.apache.hc.client5.http.impl.classic.ProtocolExec.execute(ProtocolExec.java:192)
	at org.apache.hc.client5.http.impl.classic.ExecChainElement.execute(ExecChainElement.java:51)
	at org.apache.hc.client5.http.impl.classic.HttpRequestRetryExec.execute(HttpRequestRetryExec.java:96)
	at org.apache.hc.client5.http.impl.classic.ExecChainElement.execute(ExecChainElement.java:51)
	at org.apache.hc.client5.http.impl.classic.ContentCompressionExec.execute(ContentCompressionExec.java:152)
	at org.apache.hc.client5.http.impl.classic.ExecChainElement.execute(ExecChainElement.java:51)
	at org.apache.hc.client5.http.impl.classic.RedirectExec.execute(RedirectExec.java:115)
	at org.apache.hc.client5.http.impl.classic.ExecChainElement.execute(ExecChainElement.java:51)
	at org.apache.hc.client5.http.impl.classic.InternalHttpClient.doExecute(InternalHttpClient.java:170)
	at org.apache.hc.client5.http.impl.classic.CloseableHttpClient.execute(CloseableHttpClient.java:87)
	at org.apache.hc.client5.http.impl.classic.CloseableHttpClient.execute(CloseableHttpClient.java:55)
	at org.apache.hc.client5.http.classic.HttpClient.executeOpen(HttpClient.java:183)
	at org.springframework.http.client.HttpComponentsClientHttpRequest.executeInternal(HttpComponentsClientHttpRequest.java:95)
	at org.springframework.http.client.AbstractStreamingClientHttpRequest.executeInternal(AbstractStreamingClientHttpRequest.java:70)
	at org.springframework.http.client.AbstractClientHttpRequest.execute(AbstractClientHttpRequest.java:66)
	at org.springframework.http.client.InterceptingClientHttpRequest$InterceptingRequestExecution.execute(InterceptingClientHttpRequest.java:112)
	at org.springframework.cloud.netflix.eureka.http.RestTemplateTransportClientFactory.lambda$restTemplate$0(RestTemplateTransportClientFactory.java:143)
	at org.springframework.http.client.InterceptingClientHttpRequest$InterceptingRequestExecution.execute(InterceptingClientHttpRequest.java:88)
	at org.springframework.http.client.InterceptingClientHttpRequest.executeInternal(InterceptingClientHttpRequest.java:72)
	at org.springframework.http.client.AbstractBufferingClientHttpRequest.executeInternal(AbstractBufferingClientHttpRequest.java:48)
	at org.springframework.http.client.AbstractClientHttpRequest.execute(AbstractClientHttpRequest.java:66)
	at org.springframework.web.client.RestTemplate.doExecute(RestTemplate.java:889)
	at org.springframework.web.client.RestTemplate.execute(RestTemplate.java:790)
	at org.springframework.web.client.RestTemplate.exchange(RestTemplate.java:672)
	at org.springframework.cloud.netflix.eureka.http.RestTemplateEurekaHttpClient.cancel(RestTemplateEurekaHttpClient.java:87)
	at com.netflix.discovery.shared.transport.decorator.EurekaHttpClientDecorator$2.execute(EurekaHttpClientDecorator.java:74)
	at com.netflix.discovery.shared.transport.decorator.RedirectingEurekaHttpClient.executeOnNewServer(RedirectingEurekaHttpClient.java:121)
	at com.netflix.discovery.shared.transport.decorator.RedirectingEurekaHttpClient.execute(RedirectingEurekaHttpClient.java:80)
	at com.netflix.discovery.shared.transport.decorator.EurekaHttpClientDecorator.cancel(EurekaHttpClientDecorator.java:71)
	at com.netflix.discovery.shared.transport.decorator.EurekaHttpClientDecorator$2.execute(EurekaHttpClientDecorator.java:74)
	at com.netflix.discovery.shared.transport.decorator.RetryableEurekaHttpClient.execute(RetryableEurekaHttpClient.java:120)
	at com.netflix.discovery.shared.transport.decorator.EurekaHttpClientDecorator.cancel(EurekaHttpClientDecorator.java:71)
	at com.netflix.discovery.shared.transport.decorator.EurekaHttpClientDecorator$2.execute(EurekaHttpClientDecorator.java:74)
	at com.netflix.discovery.shared.transport.decorator.SessionedEurekaHttpClient.execute(SessionedEurekaHttpClient.java:77)
	at com.netflix.discovery.shared.transport.decorator.EurekaHttpClientDecorator.cancel(EurekaHttpClientDecorator.java:71)
	at com.netflix.discovery.DiscoveryClient.unregister(DiscoveryClient.java:916)
	at com.netflix.discovery.DiscoveryClient.shutdown(DiscoveryClient.java:892)
	at java.base/jdk.internal.reflect.DirectMethodHandleAccessor.invoke(Unknown Source)
	at java.base/java.lang.reflect.Method.invoke(Unknown Source)
	at org.springframework.beans.factory.annotation.InitDestroyAnnotationBeanPostProcessor$LifecycleMethod.invoke(InitDestroyAnnotationBeanPostProcessor.java:457)
	at org.springframework.beans.factory.annotation.InitDestroyAnnotationBeanPostProcessor$LifecycleMetadata.invokeDestroyMethods(InitDestroyAnnotationBeanPostProcessor.java:415)
	at org.springframework.beans.factory.annotation.InitDestroyAnnotationBeanPostProcessor.postProcessBeforeDestruction(InitDestroyAnnotationBeanPostProcessor.java:239)
	at org.springframework.beans.factory.support.DisposableBeanAdapter.destroy(DisposableBeanAdapter.java:202)
	at org.springframework.beans.factory.support.DisposableBeanAdapter.run(DisposableBeanAdapter.java:195)
	at org.springframework.cloud.context.scope.GenericScope$BeanLifecycleWrapper.destroy(GenericScope.java:389)
	at org.springframework.cloud.context.scope.GenericScope.destroy(GenericScope.java:136)
	at org.springframework.beans.factory.support.DisposableBeanAdapter.destroy(DisposableBeanAdapter.java:211)
	at org.springframework.beans.factory.support.DefaultSingletonBeanRegistry.destroyBean(DefaultSingletonBeanRegistry.java:587)
	at org.springframework.beans.factory.support.DefaultSingletonBeanRegistry.destroySingleton(DefaultSingletonBeanRegistry.java:559)
	at org.springframework.beans.factory.support.DefaultListableBeanFactory.destroySingleton(DefaultListableBeanFactory.java:1202)
	at org.springframework.beans.factory.support.DefaultSingletonBeanRegistry.destroySingletons(DefaultSingletonBeanRegistry.java:520)
	at org.springframework.beans.factory.support.DefaultListableBeanFactory.destroySingletons(DefaultListableBeanFactory.java:1195)
	at org.springframework.context.support.AbstractApplicationContext.destroyBeans(AbstractApplicationContext.java:1186)
	at org.springframework.context.support.AbstractApplicationContext.doClose(AbstractApplicationContext.java:1147)
	at org.springframework.context.support.AbstractApplicationContext.close(AbstractApplicationContext.java:1093)
	at org.springframework.boot.SpringApplicationShutdownHook.closeAndWait(SpringApplicationShutdownHook.java:145)
	at java.base/java.lang.Iterable.forEach(Unknown Source)
	at org.springframework.boot.SpringApplicationShutdownHook.run(SpringApplicationShutdownHook.java:114)
	at java.base/java.lang.Thread.run(Unknown Source)

2026-06-24T19:49:45.199-04:00  WARN 21060 --- [ms-factorizacion] [SpringApplicationShutdownHook] c.n.d.s.t.d.RetryableEurekaHttpClient    : Request execution failed with message: Connection pool shut down
2026-06-24T19:49:45.199-04:00 ERROR 21060 --- [ms-factorizacion] [SpringApplicationShutdownHook] com.netflix.discovery.DiscoveryClient    : DiscoveryClient_MS-FACTORIZACION/localhost:ms-factorizacion:8085 - de-registration failedCannot execute request on any known server

com.netflix.discovery.shared.transport.TransportException: Cannot execute request on any known server
	at com.netflix.discovery.shared.transport.decorator.RetryableEurekaHttpClient.execute(RetryableEurekaHttpClient.java:112) ~[eureka-client-2.0.2.jar:2.0.2]
	at com.netflix.discovery.shared.transport.decorator.EurekaHttpClientDecorator.cancel(EurekaHttpClientDecorator.java:71) ~[eureka-client-2.0.2.jar:2.0.2]
	at com.netflix.discovery.shared.transport.decorator.EurekaHttpClientDecorator$2.execute(EurekaHttpClientDecorator.java:74) ~[eureka-client-2.0.2.jar:2.0.2]
	at com.netflix.discovery.shared.transport.decorator.SessionedEurekaHttpClient.execute(SessionedEurekaHttpClient.java:77) ~[eureka-client-2.0.2.jar:2.0.2]
	at com.netflix.discovery.shared.transport.decorator.EurekaHttpClientDecorator.cancel(EurekaHttpClientDecorator.java:71) ~[eureka-client-2.0.2.jar:2.0.2]
	at com.netflix.discovery.DiscoveryClient.unregister(DiscoveryClient.java:916) ~[eureka-client-2.0.2.jar:2.0.2]
	at com.netflix.discovery.DiscoveryClient.shutdown(DiscoveryClient.java:892) ~[eureka-client-2.0.2.jar:2.0.2]
	at java.base/jdk.internal.reflect.DirectMethodHandleAccessor.invoke(Unknown Source) ~[na:na]
	at java.base/java.lang.reflect.Method.invoke(Unknown Source) ~[na:na]
	at org.springframework.beans.factory.annotation.InitDestroyAnnotationBeanPostProcessor$LifecycleMethod.invoke(InitDestroyAnnotationBeanPostProcessor.java:457) ~[spring-beans-6.1.6.jar:6.1.6]
	at org.springframework.beans.factory.annotation.InitDestroyAnnotationBeanPostProcessor$LifecycleMetadata.invokeDestroyMethods(InitDestroyAnnotationBeanPostProcessor.java:415) ~[spring-beans-6.1.6.jar:6.1.6]
	at org.springframework.beans.factory.annotation.InitDestroyAnnotationBeanPostProcessor.postProcessBeforeDestruction(InitDestroyAnnotationBeanPostProcessor.java:239) ~[spring-beans-6.1.6.jar:6.1.6]
	at org.springframework.beans.factory.support.DisposableBeanAdapter.destroy(DisposableBeanAdapter.java:202) ~[spring-beans-6.1.6.jar:6.1.6]
	at org.springframework.beans.factory.support.DisposableBeanAdapter.run(DisposableBeanAdapter.java:195) ~[spring-beans-6.1.6.jar:6.1.6]
	at org.springframework.cloud.context.scope.GenericScope$BeanLifecycleWrapper.destroy(GenericScope.java:389) ~[spring-cloud-context-4.1.2.jar:4.1.2]
	at org.springframework.cloud.context.scope.GenericScope.destroy(GenericScope.java:136) ~[spring-cloud-context-4.1.2.jar:4.1.2]
	at org.springframework.beans.factory.support.DisposableBeanAdapter.destroy(DisposableBeanAdapter.java:211) ~[spring-beans-6.1.6.jar:6.1.6]
	at org.springframework.beans.factory.support.DefaultSingletonBeanRegistry.destroyBean(DefaultSingletonBeanRegistry.java:587) ~[spring-beans-6.1.6.jar:6.1.6]
	at org.springframework.beans.factory.support.DefaultSingletonBeanRegistry.destroySingleton(DefaultSingletonBeanRegistry.java:559) ~[spring-beans-6.1.6.jar:6.1.6]
	at org.springframework.beans.factory.support.DefaultListableBeanFactory.destroySingleton(DefaultListableBeanFactory.java:1202) ~[spring-beans-6.1.6.jar:6.1.6]
	at org.springframework.beans.factory.support.DefaultSingletonBeanRegistry.destroySingletons(DefaultSingletonBeanRegistry.java:520) ~[spring-beans-6.1.6.jar:6.1.6]
	at org.springframework.beans.factory.support.DefaultListableBeanFactory.destroySingletons(DefaultListableBeanFactory.java:1195) ~[spring-beans-6.1.6.jar:6.1.6]
	at org.springframework.context.support.AbstractApplicationContext.destroyBeans(AbstractApplicationContext.java:1186) ~[spring-context-6.1.6.jar:6.1.6]
	at org.springframework.context.support.AbstractApplicationContext.doClose(AbstractApplicationContext.java:1147) ~[spring-context-6.1.6.jar:6.1.6]
	at org.springframework.context.support.AbstractApplicationContext.close(AbstractApplicationContext.java:1093) ~[spring-context-6.1.6.jar:6.1.6]
	at org.springframework.boot.SpringApplicationShutdownHook.closeAndWait(SpringApplicationShutdownHook.java:145) ~[spring-boot-3.2.5.jar:3.2.5]
	at java.base/java.lang.Iterable.forEach(Unknown Source) ~[na:na]
	at org.springframework.boot.SpringApplicationShutdownHook.run(SpringApplicationShutdownHook.java:114) ~[spring-boot-3.2.5.jar:3.2.5]
	at java.base/java.lang.Thread.run(Unknown Source) ~[na:na]

2026-06-24T19:49:45.204-04:00  INFO 21060 --- [ms-factorizacion] [SpringApplicationShutdownHook] com.netflix.discovery.DiscoveryClient    : Completed shut down of DiscoveryClient
